Eval_AverageReturn,Eval_StdReturn,Eval_MaxReturn,Eval_MinReturn,Eval_AverageEpLen,step,Train_EpisodeReturn,Train_EpisodeLen,critic_loss,q_values,target_values,grad_norm,epsilon,lr
33.0,11.027239,56.0,20.0,33.0,0,,,,,,,,
,,,,,31,32.0,32,,,,,,
,,,,,62,31.0,31,,,,,,
,,,,,76,14.0,14,,,,,,
,,,,,94,18.0,18,,,,,,
,,,,,108,14.0,14,,,,,,
,,,,,122,14.0,14,,,,,,
,,,,,140,18.0,18,,,,,,
,,,,,154,14.0,14,,,,,,
,,,,,179,25.0,25,,,,,,
,,,,,217,38.0,38,,,,,,
,,,,,242,25.0,25,,,,,,
,,,,,259,17.0,17,,,,,,
,,,,,309,50.0,50,,,,,,
,,,,,340,31.0,31,,,,,,
,,,,,354,14.0,14,,,,,,
,,,,,389,35.0,35,,,,,,
,,,,,428,39.0,39,,,,,,
,,,,,450,22.0,22,,,,,,
,,,,,464,14.0,14,,,,,,
,,,,,486,22.0,22,,,,,,
,,,,,513,27.0,27,,,,,,
,,,,,554,41.0,41,,,,,,
,,,,,576,22.0,22,,,,,,
,,,,,614,38.0,38,,,,,,
,,,,,641,27.0,27,,,,,,
,,,,,657,16.0,16,,,,,,
,,,,,681,24.0,24,,,,,,
,,,,,729,48.0,48,,,,,,
,,,,,748,19.0,19,,,,,,
,,,,,770,22.0,22,,,,,,
,,,,,790,20.0,20,,,,,,
,,,,,804,14.0,14,,,,,,
,,,,,836,32.0,32,,,,,,
,,,,,868,32.0,32,,,,,,
,,,,,908,40.0,40,,,,,,
,,,,,923,15.0,15,,,,,,
,,,,,934,11.0,11,,,,,,
,,,,,967,33.0,33,,,,,,
,,,,,985,18.0,18,,,,,,
,,,,,1000,,,1.0652637481689453,0.07197132706642151,1.100124478340149,2.813838481903076,0.97,0.0005
,,,,,1010,25.0,25,,,,,,
,,,,,1046,36.0,36,,,,,,
,,,,,1091,45.0,45,,,,,,
,,,,,1109,18.0,18,,,,,,
,,,,,1126,17.0,17,,,,,,
,,,,,1159,33.0,33,,,,,,
,,,,,1180,21.0,21,,,,,,
,,,,,1204,24.0,24,,,,,,
,,,,,1214,10.0,10,,,,,,
,,,,,1230,16.0,16,,,,,,
,,,,,1291,61.0,61,,,,,,
,,,,,1315,24.0,24,,,,,,
,,,,,1405,90.0,90,,,,,,
,,,,,1424,19.0,19,,,,,,
,,,,,1442,18.0,18,,,,,,
,,,,,1460,18.0,18,,,,,,
,,,,,1478,18.0,18,,,,,,
,,,,,1490,12.0,12,,,,,,
,,,,,1526,36.0,36,,,,,,
,,,,,1548,22.0,22,,,,,,
,,,,,1567,19.0,19,,,,,,
,,,,,1626,59.0,59,,,,,,
,,,,,1640,14.0,14,,,,,,
,,,,,1656,16.0,16,,,,,,
,,,,,1675,19.0,19,,,,,,
,,,,,1686,11.0,11,,,,,,
,,,,,1704,18.0,18,,,,,,
,,,,,1719,15.0,15,,,,,,
,,,,,1744,25.0,25,,,,,,
,,,,,1757,13.0,13,,,,,,
,,,,,1771,14.0,14,,,,,,
,,,,,1789,18.0,18,,,,,,
,,,,,1801,12.0,12,,,,,,
,,,,,1815,14.0,14,,,,,,
,,,,,1826,11.0,11,,,,,,
,,,,,1837,11.0,11,,,,,,
,,,,,1849,12.0,12,,,,,,
,,,,,1868,19.0,19,,,,,,
,,,,,1898,30.0,30,,,,,,
,,,,,1917,19.0,19,,,,,,
,,,,,1936,19.0,19,,,,,,
,,,,,1951,15.0,15,,,,,,
,,,,,1995,44.0,44,,,,,,
,,,,,2000,,,0.001985146664083004,1.1406691074371338,1.1326428651809692,0.037343673408031464,0.94,0.0005
,,,,,2011,16.0,16,,,,,,
,,,,,2026,15.0,15,,,,,,
,,,,,2058,32.0,32,,,,,,
,,,,,2072,14.0,14,,,,,,
,,,,,2089,17.0,17,,,,,,
,,,,,2111,22.0,22,,,,,,
,,,,,2147,36.0,36,,,,,,
,,,,,2165,18.0,18,,,,,,
,,,,,2200,35.0,35,,,,,,
,,,,,2232,32.0,32,,,,,,
,,,,,2253,21.0,21,,,,,,
,,,,,2289,36.0,36,,,,,,
,,,,,2311,22.0,22,,,,,,
,,,,,2363,52.0,52,,,,,,
,,,,,2374,11.0,11,,,,,,
,,,,,2405,31.0,31,,,,,,
,,,,,2432,27.0,27,,,,,,
,,,,,2444,12.0,12,,,,,,
,,,,,2480,36.0,36,,,,,,
13.0,1.6124516,15.0,9.0,13.0,2500,,,0.0210699662566185,2.1442997455596924,2.1597533226013184,0.141471728682518,0.925,0.0005
,,,,,2501,21.0,21,,,,,,
,,,,,2519,18.0,18,,,,,,
,,,,,2535,16.0,16,,,,,,
,,,,,2554,19.0,19,,,,,,
,,,,,2568,14.0,14,,,,,,
,,,,,2577,9.0,9,,,,,,
,,,,,2593,16.0,16,,,,,,
,,,,,2631,38.0,38,,,,,,
,,,,,2648,17.0,17,,,,,,
,,,,,2691,43.0,43,,,,,,
,,,,,2704,13.0,13,,,,,,
,,,,,2759,55.0,55,,,,,,
,,,,,2788,29.0,29,,,,,,
,,,,,2826,38.0,38,,,,,,
,,,,,2847,21.0,21,,,,,,
,,,,,2871,24.0,24,,,,,,
,,,,,2885,14.0,14,,,,,,
,,,,,2899,14.0,14,,,,,,
,,,,,2927,28.0,28,,,,,,
,,,,,2941,14.0,14,,,,,,
,,,,,2956,15.0,15,,,,,,
,,,,,2972,16.0,16,,,,,,
,,,,,2989,17.0,17,,,,,,
,,,,,3000,,,0.03144816681742668,2.1284120082855225,2.145782947540283,0.17369301617145538,0.91,0.0005
,,,,,3014,25.0,25,,,,,,
,,,,,3030,16.0,16,,,,,,
,,,,,3040,10.0,10,,,,,,
,,,,,3059,19.0,19,,,,,,
,,,,,3078,19.0,19,,,,,,
,,,,,3140,62.0,62,,,,,,
,,,,,3169,29.0,29,,,,,,
,,,,,3187,18.0,18,,,,,,
,,,,,3210,23.0,23,,,,,,
,,,,,3230,20.0,20,,,,,,
,,,,,3251,21.0,21,,,,,,
,,,,,3273,22.0,22,,,,,,
,,,,,3286,13.0,13,,,,,,
,,,,,3297,11.0,11,,,,,,
,,,,,3313,16.0,16,,,,,,
,,,,,3322,9.0,9,,,,,,
,,,,,3349,27.0,27,,,,,,
,,,,,3383,34.0,34,,,,,,
,,,,,3408,25.0,25,,,,,,
,,,,,3491,83.0,83,,,,,,
,,,,,3525,34.0,34,,,,,,
,,,,,3550,25.0,25,,,,,,
,,,,,3560,10.0,10,,,,,,
,,,,,3583,23.0,23,,,,,,
,,,,,3602,19.0,19,,,,,,
,,,,,3627,25.0,25,,,,,,
,,,,,3656,29.0,29,,,,,,
,,,,,3679,23.0,23,,,,,,
,,,,,3703,24.0,24,,,,,,
,,,,,3720,17.0,17,,,,,,
,,,,,3743,23.0,23,,,,,,
,,,,,3768,25.0,25,,,,,,
,,,,,3783,15.0,15,,,,,,
,,,,,3804,21.0,21,,,,,,
,,,,,3822,18.0,18,,,,,,
,,,,,3852,30.0,30,,,,,,
,,,,,3861,9.0,9,,,,,,
,,,,,3871,10.0,10,,,,,,
,,,,,3919,48.0,48,,,,,,
,,,,,3942,23.0,23,,,,,,
,,,,,3965,23.0,23,,,,,,
,,,,,3987,22.0,22,,,,,,
,,,,,4000,,,0.07880673557519913,3.0287368297576904,3.044717788696289,0.25581416487693787,0.88,0.0005
,,,,,4008,21.0,21,,,,,,
,,,,,4042,34.0,34,,,,,,
,,,,,4071,29.0,29,,,,,,
,,,,,4099,28.0,28,,,,,,
,,,,,4155,56.0,56,,,,,,
,,,,,4174,19.0,19,,,,,,
,,,,,4227,53.0,53,,,,,,
,,,,,4246,19.0,19,,,,,,
,,,,,4275,29.0,29,,,,,,
,,,,,4294,19.0,19,,,,,,
,,,,,4344,50.0,50,,,,,,
,,,,,4358,14.0,14,,,,,,
,,,,,4373,15.0,15,,,,,,
,,,,,4449,76.0,76,,,,,,
,,,,,4549,100.0,100,,,,,,
,,,,,4590,41.0,41,,,,,,
,,,,,4640,50.0,50,,,,,,
,,,,,4657,17.0,17,,,,,,
,,,,,4670,13.0,13,,,,,,
,,,,,4701,31.0,31,,,,,,
,,,,,4753,52.0,52,,,,,,
,,,,,4796,43.0,43,,,,,,
,,,,,4808,12.0,12,,,,,,
,,,,,4817,9.0,9,,,,,,
,,,,,4848,31.0,31,,,,,,
,,,,,4865,17.0,17,,,,,,
,,,,,4881,16.0,16,,,,,,
,,,,,4895,14.0,14,,,,,,
,,,,,4922,27.0,27,,,,,,
144.2,22.741154,182.0,114.0,144.2,5000,,,0.14012876152992249,3.950465440750122,3.9136672019958496,0.40527012944221497,0.85,0.0005
,,,,,5009,87.0,87,,,,,,
,,,,,5030,21.0,21,,,,,,
,,,,,5050,20.0,20,,,,,,
,,,,,5090,40.0,40,,,,,,
,,,,,5124,34.0,34,,,,,,
,,,,,5198,74.0,74,,,,,,
,,,,,5214,16.0,16,,,,,,
,,,,,5227,13.0,13,,,,,,
,,,,,5238,11.0,11,,,,,,
,,,,,5248,10.0,10,,,,,,
,,,,,5304,56.0,56,,,,,,
,,,,,5319,15.0,15,,,,,,
,,,,,5338,19.0,19,,,,,,
,,,,,5348,10.0,10,,,,,,
,,,,,5395,47.0,47,,,,,,
,,,,,5468,73.0,73,,,,,,
,,,,,5497,29.0,29,,,,,,
,,,,,5553,56.0,56,,,,,,
,,,,,5598,45.0,45,,,,,,
,,,,,5761,163.0,163,,,,,,
,,,,,5809,48.0,48,,,,,,
,,,,,5838,29.0,29,,,,,,
,,,,,5848,10.0,10,,,,,,
,,,,,5868,20.0,20,,,,,,
,,,,,5902,34.0,34,,,,,,
,,,,,5939,37.0,37,,,,,,
,,,,,5989,50.0,50,,,,,,
,,,,,5998,9.0,9,,,,,,
,,,,,6000,,,0.15962481498718262,4.680380821228027,4.602377414703369,0.8220533728599548,0.82,0.0005
,,,,,6022,24.0,24,,,,,,
,,,,,6039,17.0,17,,,,,,
,,,,,6054,15.0,15,,,,,,
,,,,,6077,23.0,23,,,,,,
,,,,,6089,12.0,12,,,,,,
,,,,,6107,18.0,18,,,,,,
,,,,,6122,15.0,15,,,,,,
,,,,,6179,57.0,57,,,,,,
,,,,,6203,24.0,24,,,,,,
,,,,,6228,25.0,25,,,,,,
,,,,,6271,43.0,43,,,,,,
,,,,,6287,16.0,16,,,,,,
,,,,,6360,73.0,73,,,,,,
,,,,,6389,29.0,29,,,,,,
,,,,,6408,19.0,19,,,,,,
,,,,,6423,15.0,15,,,,,,
,,,,,6488,65.0,65,,,,,,
,,,,,6519,31.0,31,,,,,,
,,,,,6584,65.0,65,,,,,,
,,,,,6660,76.0,76,,,,,,
,,,,,6696,36.0,36,,,,,,
,,,,,6733,37.0,37,,,,,,
,,,,,6750,17.0,17,,,,,,
,,,,,6819,69.0,69,,,,,,
,,,,,6833,14.0,14,,,,,,
,,,,,6842,9.0,9,,,,,,
,,,,,6881,39.0,39,,,,,,
,,,,,6901,20.0,20,,,,,,
,,,,,6945,44.0,44,,,,,,
,,,,,7000,,,0.05855047330260277,5.849281311035156,5.837071418762207,0.25727328658103943,0.79,0.0005
,,,,,7004,59.0,59,,,,,,
,,,,,7016,12.0,12,,,,,,
,,,,,7058,42.0,42,,,,,,
,,,,,7089,31.0,31,,,,,,
,,,,,7102,13.0,13,,,,,,
,,,,,7137,35.0,35,,,,,,
,,,,,7173,36.0,36,,,,,,
,,,,,7252,79.0,79,,,,,,
,,,,,7284,32.0,32,,,,,,
,,,,,7307,23.0,23,,,,,,
,,,,,7327,20.0,20,,,,,,
,,,,,7355,28.0,28,,,,,,
,,,,,7386,31.0,31,,,,,,
,,,,,7417,31.0,31,,,,,,
,,,,,7453,36.0,36,,,,,,
182.3,20.204208,238.0,165.0,182.3,7500,,,0.03833479434251785,6.5525922775268555,6.568134307861328,0.409297913312912,0.775,0.0005
,,,,,7507,54.0,54,,,,,,
,,,,,7521,14.0,14,,,,,,
,,,,,7557,36.0,36,,,,,,
,,,,,7603,46.0,46,,,,,,
,,,,,7626,23.0,23,,,,,,
,,,,,7676,50.0,50,,,,,,
,,,,,7694,18.0,18,,,,,,
,,,,,7720,26.0,26,,,,,,
,,,,,7782,62.0,62,,,,,,
,,,,,7835,53.0,53,,,,,,
,,,,,7900,65.0,65,,,,,,
,,,,,7938,38.0,38,,,,,,
,,,,,7995,57.0,57,,,,,,
,,,,,8000,,,0.04268718138337135,6.809375762939453,6.760931015014648,0.691945493221283,0.76,0.0005
,,,,,8012,17.0,17,,,,,,
,,,,,8034,22.0,22,,,,,,
,,,,,8062,28.0,28,,,,,,
,,,,,8109,47.0,47,,,,,,
,,,,,8152,43.0,43,,,,,,
,,,,,8205,53.0,53,,,,,,
,,,,,8286,81.0,81,,,,,,
,,,,,8354,68.0,68,,,,,,
,,,,,8375,21.0,21,,,,,,
,,,,,8404,29.0,29,,,,,,
,,,,,8444,40.0,40,,,,,,
,,,,,8472,28.0,28,,,,,,
,,,,,8488,16.0,16,,,,,,
,,,,,8527,39.0,39,,,,,,
,,,,,8545,18.0,18,,,,,,
,,,,,8569,24.0,24,,,,,,
,,,,,8595,26.0,26,,,,,,
,,,,,8613,18.0,18,,,,,,
,,,,,8699,86.0,86,,,,,,
,,,,,8728,29.0,29,,,,,,
,,,,,8760,32.0,32,,,,,,
,,,,,8772,12.0,12,,,,,,
,,,,,8822,50.0,50,,,,,,
,,,,,8843,21.0,21,,,,,,
,,,,,8857,14.0,14,,,,,,
,,,,,8881,24.0,24,,,,,,
,,,,,8934,53.0,53,,,,,,
,,,,,8947,13.0,13,,,,,,
,,,,,9000,,,0.019114350900053978,7.335024356842041,7.3722944259643555,0.4386428892612457,0.73,0.0005
,,,,,9030,83.0,83,,,,,,
,,,,,9069,39.0,39,,,,,,
,,,,,9091,22.0,22,,,,,,
,,,,,9157,66.0,66,,,,,,
,,,,,9168,11.0,11,,,,,,
,,,,,9239,71.0,71,,,,,,
,,,,,9280,41.0,41,,,,,,
,,,,,9293,13.0,13,,,,,,
,,,,,9324,31.0,31,,,,,,
,,,,,9354,30.0,30,,,,,,
,,,,,9423,69.0,69,,,,,,
,,,,,9475,52.0,52,,,,,,
,,,,,9501,26.0,26,,,,,,
,,,,,9532,31.0,31,,,,,,
,,,,,9554,22.0,22,,,,,,
,,,,,9578,24.0,24,,,,,,
,,,,,9599,21.0,21,,,,,,
,,,,,9637,38.0,38,,,,,,
,,,,,9709,72.0,72,,,,,,
,,,,,9722,13.0,13,,,,,,
,,,,,9774,52.0,52,,,,,,
,,,,,9790,16.0,16,,,,,,
,,,,,9831,41.0,41,,,,,,
,,,,,9858,27.0,27,,,,,,
,,,,,9879,21.0,21,,,,,,
,,,,,9946,67.0,67,,,,,,
146.1,29.432806,202.0,108.0,146.1,10000,,,0.026483243331313133,8.257682800292969,8.289281845092773,0.6955864429473877,0.7,0.0005
,,,,,10047,101.0,101,,,,,,
,,,,,10146,99.0,99,,,,,,
,,,,,10194,48.0,48,,,,,,
,,,,,10217,23.0,23,,,,,,
,,,,,10234,17.0,17,,,,,,
,,,,,10257,23.0,23,,,,,,
,,,,,10287,30.0,30,,,,,,
,,,,,10313,26.0,26,,,,,,
,,,,,10347,34.0,34,,,,,,
,,,,,10454,107.0,107,,,,,,
,,,,,10494,40.0,40,,,,,,
,,,,,10543,49.0,49,,,,,,
,,,,,10591,48.0,48,,,,,,
,,,,,10639,48.0,48,,,,,,
,,,,,10683,44.0,44,,,,,,
,,,,,10715,32.0,32,,,,,,
,,,,,10765,50.0,50,,,,,,
,,,,,10814,49.0,49,,,,,,
,,,,,10831,17.0,17,,,,,,
,,,,,10871,40.0,40,,,,,,
,,,,,10881,10.0,10,,,,,,
,,,,,10904,23.0,23,,,,,,
,,,,,10945,41.0,41,,,,,,
,,,,,10967,22.0,22,,,,,,
,,,,,10991,24.0,24,,,,,,
,,,,,11000,,,0.11838588118553162,8.707836151123047,8.670225143432617,1.3621814250946045,0.67,0.0005
,,,,,11023,32.0,32,,,,,,
,,,,,11043,20.0,20,,,,,,
,,,,,11065,22.0,22,,,,,,
,,,,,11125,60.0,60,,,,,,
,,,,,11187,62.0,62,,,,,,
,,,,,11206,19.0,19,,,,,,
,,,,,11263,57.0,57,,,,,,
,,,,,11325,62.0,62,,,,,,
,,,,,11366,41.0,41,,,,,,
,,,,,11424,58.0,58,,,,,,
,,,,,11457,33.0,33,,,,,,
,,,,,11468,11.0,11,,,,,,
,,,,,11505,37.0,37,,,,,,
,,,,,11542,37.0,37,,,,,,
,,,,,11559,17.0,17,,,,,,
,,,,,11592,33.0,33,,,,,,
,,,,,11641,49.0,49,,,,,,
,,,,,11669,28.0,28,,,,,,
,,,,,11779,110.0,110,,,,,,
,,,,,11812,33.0,33,,,,,,
,,,,,11851,39.0,39,,,,,,
,,,,,11981,130.0,130,,,,,,
,,,,,12000,,,0.062221378087997437,9.883472442626953,9.87391471862793,0.9902533888816833,0.6399999999999999,0.0005
,,,,,12081,100.0,100,,,,,,
,,,,,12114,33.0,33,,,,,,
,,,,,12170,56.0,56,,,,,,
,,,,,12232,62.0,62,,,,,,
,,,,,12252,20.0,20,,,,,,
,,,,,12329,77.0,77,,,,,,
,,,,,12361,32.0,32,,,,,,
,,,,,12404,43.0,43,,,,,,
,,,,,12471,67.0,67,,,,,,
172.7,37.833977,233.0,103.0,172.7,12500,,,0.06243555247783661,10.602209091186523,10.617359161376953,0.9204029440879822,0.625,0.0005
,,,,,12518,47.0,47,,,,,,
,,,,,12572,54.0,54,,,,,,
,,,,,12638,66.0,66,,,,,,
,,,,,12647,9.0,9,,,,,,
,,,,,12688,41.0,41,,,,,,
,,,,,12720,32.0,32,,,,,,
,,,,,12776,56.0,56,,,,,,
,,,,,12847,71.0,71,,,,,,
,,,,,12920,73.0,73,,,,,,
,,,,,12945,25.0,25,,,,,,
,,,,,12975,30.0,30,,,,,,
,,,,,13000,,,0.5236260890960693,10.626087188720703,10.564001083374023,1.4998395442962646,0.61,0.0005
,,,,,13035,60.0,60,,,,,,
,,,,,13076,41.0,41,,,,,,
,,,,,13132,56.0,56,,,,,,
,,,,,13176,44.0,44,,,,,,
,,,,,13285,109.0,109,,,,,,
,,,,,13369,84.0,84,,,,,,
,,,,,13387,18.0,18,,,,,,
,,,,,13407,20.0,20,,,,,,
,,,,,13447,40.0,40,,,,,,
,,,,,13567,120.0,120,,,,,,
,,,,,13579,12.0,12,,,,,,
,,,,,13637,58.0,58,,,,,,
,,,,,13663,26.0,26,,,,,,
,,,,,13698,35.0,35,,,,,,
,,,,,13746,48.0,48,,,,,,
,,,,,13761,15.0,15,,,,,,
,,,,,13822,61.0,61,,,,,,
,,,,,13902,80.0,80,,,,,,
,,,,,13921,19.0,19,,,,,,
,,,,,13978,57.0,57,,,,,,
,,,,,13996,18.0,18,,,,,,
,,,,,14000,,,0.09611093252897263,11.397772789001465,11.437445640563965,1.7604119777679443,0.58,0.0005
,,,,,14081,85.0,85,,,,,,
,,,,,14092,11.0,11,,,,,,
,,,,,14192,100.0,100,,,,,,
,,,,,14228,36.0,36,,,,,,
,,,,,14267,39.0,39,,,,,,
,,,,,14290,23.0,23,,,,,,
,,,,,14307,17.0,17,,,,,,
,,,,,14337,30.0,30,,,,,,
,,,,,14417,80.0,80,,,,,,
,,,,,14441,24.0,24,,,,,,
,,,,,14483,42.0,42,,,,,,
,,,,,14517,34.0,34,,,,,,
,,,,,14549,32.0,32,,,,,,
,,,,,14578,29.0,29,,,,,,
,,,,,14601,23.0,23,,,,,,
,,,,,14634,33.0,33,,,,,,
,,,,,14724,90.0,90,,,,,,
,,,,,14751,27.0,27,,,,,,
,,,,,14789,38.0,38,,,,,,
,,,,,14814,25.0,25,,,,,,
,,,,,14835,21.0,21,,,,,,
,,,,,14867,32.0,32,,,,,,
,,,,,14881,14.0,14,,,,,,
,,,,,14892,11.0,11,,,,,,
,,,,,14907,15.0,15,,,,,,
,,,,,14939,32.0,32,,,,,,
245.2,44.77008,335.0,169.0,245.2,15000,,,0.6322969198226929,12.008657455444336,11.961569786071777,5.533229827880859,0.55,0.0005
,,,,,15054,115.0,115,,,,,,
,,,,,15068,14.0,14,,,,,,
,,,,,15095,27.0,27,,,,,,
,,,,,15108,13.0,13,,,,,,
,,,,,15163,55.0,55,,,,,,
,,,,,15211,48.0,48,,,,,,
,,,,,15236,25.0,25,,,,,,
,,,,,15247,11.0,11,,,,,,
,,,,,15264,17.0,17,,,,,,
,,,,,15290,26.0,26,,,,,,
,,,,,15343,53.0,53,,,,,,
,,,,,15441,98.0,98,,,,,,
,,,,,15455,14.0,14,,,,,,
,,,,,15496,41.0,41,,,,,,
,,,,,15510,14.0,14,,,,,,
,,,,,15540,30.0,30,,,,,,
,,,,,15569,29.0,29,,,,,,
,,,,,15583,14.0,14,,,,,,
,,,,,15606,23.0,23,,,,,,
,,,,,15618,12.0,12,,,,,,
,,,,,15696,78.0,78,,,,,,
,,,,,15725,29.0,29,,,,,,
,,,,,15810,85.0,85,,,,,,
,,,,,15840,30.0,30,,,,,,
,,,,,15857,17.0,17,,,,,,
,,,,,15934,77.0,77,,,,,,
,,,,,15947,13.0,13,,,,,,
,,,,,15978,31.0,31,,,,,,
,,,,,16000,,,0.02728039026260376,13.090964317321777,13.127044677734375,1.4352916479110718,0.52,0.0005
,,,,,16015,37.0,37,,,,,,
,,,,,16032,17.0,17,,,,,,
,,,,,16113,81.0,81,,,,,,
,,,,,16223,110.0,110,,,,,,
,,,,,16254,31.0,31,,,,,,
,,,,,16343,89.0,89,,,,,,
,,,,,16374,31.0,31,,,,,,
,,,,,16451,77.0,77,,,,,,
,,,,,16547,96.0,96,,,,,,
,,,,,16636,89.0,89,,,,,,
,,,,,16662,26.0,26,,,,,,
,,,,,16741,79.0,79,,,,,,
,,,,,16759,18.0,18,,,,,,
,,,,,16891,132.0,132,,,,,,
,,,,,16920,29.0,29,,,,,,
,,,,,16935,15.0,15,,,,,,
,,,,,16994,59.0,59,,,,,,
,,,,,17000,,,0.0459635853767395,13.57806396484375,13.598278045654297,1.8546693325042725,0.49,0.0005
,,,,,17005,11.0,11,,,,,,
,,,,,17027,22.0,22,,,,,,
,,,,,17054,27.0,27,,,,,,
,,,,,17079,25.0,25,,,,,,
,,,,,17115,36.0,36,,,,,,
,,,,,17260,145.0,145,,,,,,
,,,,,17384,124.0,124,,,,,,
,,,,,17400,16.0,16,,,,,,
,,,,,17430,30.0,30,,,,,,
500.0,0.0,500.0,500.0,500.0,17500,,,0.18526045978069305,14.959708213806152,14.943048477172852,2.5371100902557373,0.475,0.0005
,,,,,17546,116.0,116,,,,,,
,,,,,17608,62.0,62,,,,,,
,,,,,17678,70.0,70,,,,,,
,,,,,17690,12.0,12,,,,,,
,,,,,17766,76.0,76,,,,,,
,,,,,17854,88.0,88,,,,,,
,,,,,17993,139.0,139,,,,,,
,,,,,18000,,,0.37337207794189453,15.019100189208984,14.924934387207031,6.6295576095581055,0.45999999999999996,0.0005
,,,,,18023,30.0,30,,,,,,
,,,,,18151,128.0,128,,,,,,
,,,,,18169,18.0,18,,,,,,
,,,,,18181,12.0,12,,,,,,
,,,,,18338,157.0,157,,,,,,
,,,,,18350,12.0,12,,,,,,
,,,,,18369,19.0,19,,,,,,
,,,,,18381,12.0,12,,,,,,
,,,,,18402,21.0,21,,,,,,
,,,,,18507,105.0,105,,,,,,
,,,,,18560,53.0,53,,,,,,
,,,,,18589,29.0,29,,,,,,
,,,,,18610,21.0,21,,,,,,
,,,,,18640,30.0,30,,,,,,
,,,,,18677,37.0,37,,,,,,
,,,,,18710,33.0,33,,,,,,
,,,,,18771,61.0,61,,,,,,
,,,,,18800,29.0,29,,,,,,
,,,,,18911,111.0,111,,,,,,
,,,,,18925,14.0,14,,,,,,
,,,,,18944,19.0,19,,,,,,
,,,,,19000,,,0.059172697365283966,15.536617279052734,15.580743789672852,2.8182809352874756,0.43000000000000005,0.0005
,,,,,19045,101.0,101,,,,,,
,,,,,19103,58.0,58,,,,,,
,,,,,19132,29.0,29,,,,,,
,,,,,19190,58.0,58,,,,,,
,,,,,19214,24.0,24,,,,,,
,,,,,19229,15.0,15,,,,,,
,,,,,19323,94.0,94,,,,,,
,,,,,19341,18.0,18,,,,,,
,,,,,19358,17.0,17,,,,,,
,,,,,19376,18.0,18,,,,,,
,,,,,19403,27.0,27,,,,,,
,,,,,19519,116.0,116,,,,,,
,,,,,19537,18.0,18,,,,,,
,,,,,19572,35.0,35,,,,,,
,,,,,19580,8.0,8,,,,,,
,,,,,19618,38.0,38,,,,,,
,,,,,19680,62.0,62,,,,,,
,,,,,19724,44.0,44,,,,,,
,,,,,19808,84.0,84,,,,,,
,,,,,19846,38.0,38,,,,,,
,,,,,19891,45.0,45,,,,,,
,,,,,19942,51.0,51,,,,,,
,,,,,19962,20.0,20,,,,,,
108.4,3.3226497,113.0,103.0,108.4,20000,,,1.5193979740142822,17.103382110595703,17.007354736328125,6.5795440673828125,0.4,0.0005
,,,,,20060,98.0,98,,,,,,
,,,,,20075,15.0,15,,,,,,
,,,,,20097,22.0,22,,,,,,
,,,,,20262,165.0,165,,,,,,
,,,,,20284,22.0,22,,,,,,
,,,,,20332,48.0,48,,,,,,
,,,,,20407,75.0,75,,,,,,
,,,,,20455,48.0,48,,,,,,
,,,,,20475,20.0,20,,,,,,
,,,,,20574,99.0,99,,,,,,
,,,,,20690,116.0,116,,,,,,
,,,,,20765,75.0,75,,,,,,
,,,,,20780,15.0,15,,,,,,
,,,,,20824,44.0,44,,,,,,
,,,,,20900,76.0,76,,,,,,
,,,,,20914,14.0,14,,,,,,
,,,,,20936,22.0,22,,,,,,
,,,,,20958,22.0,22,,,,,,
,,,,,21000,,,0.045019056648015976,17.03799819946289,17.019840240478516,1.4295756816864014,0.37,0.0005
,,,,,21054,96.0,96,,,,,,
,,,,,21075,21.0,21,,,,,,
,,,,,21197,122.0,122,,,,,,
,,,,,21234,37.0,37,,,,,,
,,,,,21253,19.0,19,,,,,,
,,,,,21271,18.0,18,,,,,,
,,,,,21359,88.0,88,,,,,,
,,,,,21388,29.0,29,,,,,,
,,,,,21510,122.0,122,,,,,,
,,,,,21531,21.0,21,,,,,,
,,,,,21567,36.0,36,,,,,,
,,,,,21674,107.0,107,,,,,,
,,,,,21779,105.0,105,,,,,,
,,,,,21813,34.0,34,,,,,,
,,,,,21869,56.0,56,,,,,,
,,,,,22000,,,0.16070111095905304,16.67676544189453,16.752002716064453,7.332777976989746,0.3400000000000001,0.0005
,,,,,22016,147.0,147,,,,,,
,,,,,22099,83.0,83,,,,,,
,,,,,22194,95.0,95,,,,,,
,,,,,22254,60.0,60,,,,,,
,,,,,22422,168.0,168,,,,,,
,,,,,22433,11.0,11,,,,,,
100.7,2.1,105.0,98.0,100.7,22500,,,0.03285014629364014,19.251554489135742,19.281291961669922,2.221891403198242,0.32499999999999996,0.0005
,,,,,22533,100.0,100,,,,,,
,,,,,22549,16.0,16,,,,,,
,,,,,22624,75.0,75,,,,,,
,,,,,22728,104.0,104,,,,,,
,,,,,22738,10.0,10,,,,,,
,,,,,22772,34.0,34,,,,,,
,,,,,22786,14.0,14,,,,,,
,,,,,22877,91.0,91,,,,,,
,,,,,23000,123.0,123,,,,,,
,,,,,23000,,,0.15921157598495483,18.731433868408203,18.738534927368164,2.1977896690368652,0.30999999999999994,0.0005
,,,,,23060,60.0,60,,,,,,
,,,,,23098,38.0,38,,,,,,
,,,,,23139,41.0,41,,,,,,
,,,,,23155,16.0,16,,,,,,
,,,,,23223,68.0,68,,,,,,
,,,,,23322,99.0,99,,,,,,
,,,,,23429,107.0,107,,,,,,
,,,,,23537,108.0,108,,,,,,
,,,,,23648,111.0,111,,,,,,
,,,,,23757,109.0,109,,,,,,
,,,,,23856,99.0,99,,,,,,
,,,,,23869,13.0,13,,,,,,
,,,,,23922,53.0,53,,,,,,
,,,,,24000,,,0.05685824155807495,18.978925704956055,19.028053283691406,2.72642183303833,0.2799999999999999,0.0005
,,,,,24024,102.0,102,,,,,,
,,,,,24037,13.0,13,,,,,,
,,,,,24073,36.0,36,,,,,,
,,,,,24176,103.0,103,,,,,,
,,,,,24194,18.0,18,,,,,,
,,,,,24306,112.0,112,,,,,,
,,,,,24383,77.0,77,,,,,,
,,,,,24439,56.0,56,,,,,,
,,,,,24552,113.0,113,,,,,,
,,,,,24604,52.0,52,,,,,,
,,,,,24619,15.0,15,,,,,,
,,,,,24720,101.0,101,,,,,,
,,,,,24835,115.0,115,,,,,,
,,,,,24945,110.0,110,,,,,,
142.1,16.164467,172.0,119.0,142.1,25000,,,0.3579789400100708,19.678056716918945,19.669275283813477,6.698577404022217,0.25,0.0005
,,,,,25059,114.0,114,,,,,,
,,,,,25154,95.0,95,,,,,,
,,,,,25294,140.0,140,,,,,,
,,,,,25419,125.0,125,,,,,,
,,,,,25544,125.0,125,,,,,,
,,,,,25650,106.0,106,,,,,,
,,,,,25761,111.0,111,,,,,,
,,,,,25843,82.0,82,,,,,,
,,,,,25911,68.0,68,,,,,,
,,,,,26000,,,0.1385842263698578,20.935041427612305,20.93537139892578,4.151392936706543,0.21999999999999997,0.0005
,,,,,26018,107.0,107,,,,,,
,,,,,26141,123.0,123,,,,,,
,,,,,26290,149.0,149,,,,,,
,,,,,26326,36.0,36,,,,,,
,,,,,26367,41.0,41,,,,,,
,,,,,26470,103.0,103,,,,,,
,,,,,26584,114.0,114,,,,,,
,,,,,26635,51.0,51,,,,,,
,,,,,26674,39.0,39,,,,,,
,,,,,26787,113.0,113,,,,,,
,,,,,26825,38.0,38,,,,,,
,,,,,26956,131.0,131,,,,,,
,,,,,27000,,,0.08829744160175323,21.66557502746582,21.707820892333984,3.1520323753356934,0.18999999999999995,0.0005
,,,,,27052,96.0,96,,,,,,
,,,,,27198,146.0,146,,,,,,
,,,,,27330,132.0,132,,,,,,
,,,,,27347,17.0,17,,,,,,
120.4,12.257243,153.0,109.0,120.4,27500,,,2.4417362213134766,22.01926040649414,21.890968322753906,4.5065717697143555,0.17500000000000004,0.0005
,,,,,27524,177.0,177,,,,,,
,,,,,27648,124.0,124,,,,,,
,,,,,27774,126.0,126,,,,,,
,,,,,27893,119.0,119,,,,,,
,,,,,28000,,,0.0570133775472641,23.157033920288086,23.167312622070312,3.3913769721984863,0.15999999999999992,0.0005
,,,,,28002,109.0,109,,,,,,
,,,,,28164,162.0,162,,,,,,
,,,,,28282,118.0,118,,,,,,
,,,,,28406,124.0,124,,,,,,
,,,,,28515,109.0,109,,,,,,
,,,,,28678,163.0,163,,,,,,
,,,,,28757,79.0,79,,,,,,
,,,,,28791,34.0,34,,,,,,
,,,,,28909,118.0,118,,,,,,
,,,,,29000,,,0.13512387871742249,23.479522705078125,23.504364013671875,5.805557727813721,0.13,0.0005
,,,,,29027,118.0,118,,,,,,
,,,,,29202,175.0,175,,,,,,
,,,,,29319,117.0,117,,,,,,
,,,,,29372,53.0,53,,,,,,
,,,,,29501,129.0,129,,,,,,
,,,,,29616,115.0,115,,,,,,
,,,,,29725,109.0,109,,,,,,
,,,,,29748,23.0,23,,,,,,
,,,,,29889,141.0,141,,,,,,
128.2,4.578209,135.0,122.0,128.2,30000,,,1.064244031906128,24.54377555847168,24.4776668548584,12.800040245056152,0.1,0.0005
,,,,,30021,132.0,132,,,,,,
,,,,,30038,17.0,17,,,,,,
,,,,,30179,141.0,141,,,,,,
,,,,,30344,165.0,165,,,,,,
,,,,,30355,11.0,11,,,,,,
,,,,,30496,141.0,141,,,,,,
,,,,,30623,127.0,127,,,,,,
,,,,,30750,127.0,127,,,,,,
,,,,,30823,73.0,73,,,,,,
,,,,,30875,52.0,52,,,,,,
,,,,,30996,121.0,121,,,,,,
,,,,,31000,,,0.30081889033317566,25.058876037597656,25.189258575439453,13.216780662536621,0.09733333333333334,0.0005
,,,,,31193,197.0,197,,,,,,
,,,,,31411,218.0,218,,,,,,
,,,,,31563,152.0,152,,,,,,
,,,,,31771,208.0,208,,,,,,
,,,,,31897,126.0,126,,,,,,
,,,,,32000,,,1.9603668451309204,25.472211837768555,25.43023109436035,21.043590545654297,0.09466666666666668,0.0005
,,,,,32028,131.0,131,,,,,,
,,,,,32161,133.0,133,,,,,,
,,,,,32356,195.0,195,,,,,,
,,,,,32485,129.0,129,,,,,,
121.5,4.006245,128.0,115.0,121.5,32500,,,3.8396174907684326,25.353595733642578,25.227598190307617,16.89324188232422,0.09333333333333334,0.0005
,,,,,32618,133.0,133,,,,,,
,,,,,32738,120.0,120,,,,,,
,,,,,32871,133.0,133,,,,,,
,,,,,32915,44.0,44,,,,,,
,,,,,33000,,,0.26735013723373413,25.587913513183594,25.71027946472168,9.480788230895996,0.092,0.0005
,,,,,33043,128.0,128,,,,,,
,,,,,33187,144.0,144,,,,,,
,,,,,33301,114.0,114,,,,,,
,,,,,33426,125.0,125,,,,,,
,,,,,33578,152.0,152,,,,,,
,,,,,33701,123.0,123,,,,,,
,,,,,33853,152.0,152,,,,,,
,,,,,34000,,,0.10335817188024521,26.968887329101562,26.911407470703125,3.168510675430298,0.08933333333333333,0.0005
,,,,,34051,198.0,198,,,,,,
,,,,,34156,105.0,105,,,,,,
,,,,,34283,127.0,127,,,,,,
,,,,,34331,48.0,48,,,,,,
,,,,,34451,120.0,120,,,,,,
,,,,,34558,107.0,107,,,,,,
,,,,,34680,122.0,122,,,,,,
,,,,,34817,137.0,137,,,,,,
,,,,,34929,112.0,112,,,,,,
103.2,1.8867962,108.0,101.0,103.2,35000,,,0.19440242648124695,27.741374969482422,27.785663604736328,5.698202610015869,0.08666666666666667,0.0005
,,,,,35036,107.0,107,,,,,,
,,,,,35184,148.0,148,,,,,,
,,,,,35298,114.0,114,,,,,,
,,,,,35421,123.0,123,,,,,,
,,,,,35540,119.0,119,,,,,,
,,,,,35684,144.0,144,,,,,,
,,,,,35810,126.0,126,,,,,,
,,,,,35958,148.0,148,,,,,,
,,,,,36000,,,0.24630028009414673,28.92693519592285,29.014625549316406,11.105924606323242,0.084,0.0005
,,,,,36077,119.0,119,,,,,,
,,,,,36191,114.0,114,,,,,,
,,,,,36297,106.0,106,,,,,,
,,,,,36409,112.0,112,,,,,,
,,,,,36517,108.0,108,,,,,,
,,,,,36624,107.0,107,,,,,,
,,,,,36728,104.0,104,,,,,,
,,,,,36832,104.0,104,,,,,,
,,,,,36938,106.0,106,,,,,,
,,,,,37000,,,0.1994882971048355,29.059818267822266,29.176666259765625,8.836935997009277,0.08133333333333334,0.0005
,,,,,37085,147.0,147,,,,,,
,,,,,37191,106.0,106,,,,,,
,,,,,37295,104.0,104,,,,,,
,,,,,37394,99.0,99,,,,,,
,,,,,37496,102.0,102,,,,,,
101.6,2.2449944,106.0,99.0,101.6,37500,,,1.5230284929275513,29.699113845825195,29.612773895263672,20.095069885253906,0.08,0.0005
,,,,,37598,102.0,102,,,,,,
,,,,,37707,109.0,109,,,,,,
,,,,,37809,102.0,102,,,,,,
,,,,,37911,102.0,102,,,,,,
,,,,,38000,,,0.7697492837905884,29.576723098754883,29.758705139160156,16.60503578186035,0.07866666666666668,0.0005
,,,,,38014,103.0,103,,,,,,
,,,,,38138,124.0,124,,,,,,
,,,,,38251,113.0,113,,,,,,
,,,,,38352,101.0,101,,,,,,
,,,,,38455,103.0,103,,,,,,
,,,,,38561,106.0,106,,,,,,
,,,,,38666,105.0,105,,,,,,
,,,,,38790,124.0,124,,,,,,
,,,,,38893,103.0,103,,,,,,
,,,,,38997,104.0,104,,,,,,
,,,,,39000,,,0.521553635597229,30.23476791381836,30.34757423400879,20.699626922607422,0.07600000000000001,0.0005
,,,,,39100,103.0,103,,,,,,
,,,,,39204,104.0,104,,,,,,
,,,,,39307,103.0,103,,,,,,
,,,,,39411,104.0,104,,,,,,
,,,,,39563,152.0,152,,,,,,
,,,,,39668,105.0,105,,,,,,
,,,,,39773,105.0,105,,,,,,
,,,,,39875,102.0,102,,,,,,
,,,,,39977,102.0,102,,,,,,
103.6,2.5768197,108.0,100.0,103.6,40000,,,0.3637382388114929,29.978099822998047,30.162071228027344,15.59422779083252,0.07333333333333333,0.0005
,,,,,40080,103.0,103,,,,,,
,,,,,40186,106.0,106,,,,,,
,,,,,40291,105.0,105,,,,,,
,,,,,40398,107.0,107,,,,,,
,,,,,40501,103.0,103,,,,,,
,,,,,40609,108.0,108,,,,,,
,,,,,40711,102.0,102,,,,,,
,,,,,40821,110.0,110,,,,,,
,,,,,40928,107.0,107,,,,,,
,,,,,41000,,,0.4138162136077881,31.59947395324707,31.679767608642578,18.37383460998535,0.07066666666666667,0.0005
,,,,,41035,107.0,107,,,,,,
,,,,,41135,100.0,100,,,,,,
,,,,,41241,106.0,106,,,,,,
,,,,,41350,109.0,109,,,,,,
,,,,,41466,116.0,116,,,,,,
,,,,,41565,99.0,99,,,,,,
,,,,,41676,111.0,111,,,,,,
,,,,,41687,11.0,11,,,,,,
,,,,,41705,18.0,18,,,,,,
,,,,,41809,104.0,104,,,,,,
,,,,,41928,119.0,119,,,,,,
,,,,,42000,,,1.3454675674438477,31.96527099609375,31.882984161376953,14.1074800491333,0.068,0.0005
,,,,,42035,107.0,107,,,,,,
,,,,,42141,106.0,106,,,,,,
,,,,,42251,110.0,110,,,,,,
,,,,,42358,107.0,107,,,,,,
,,,,,42466,108.0,108,,,,,,
102.6,2.1999998,106.0,99.0,102.6,42500,,,0.25213688611984253,31.895973205566406,31.96548080444336,9.318426132202148,0.06666666666666668,0.0005
,,,,,42569,103.0,103,,,,,,
,,,,,42672,103.0,103,,,,,,
,,,,,42779,107.0,107,,,,,,
,,,,,42888,109.0,109,,,,,,
,,,,,42989,101.0,101,,,,,,
,,,,,43000,,,1.0659300088882446,32.24833679199219,32.19626235961914,5.757962703704834,0.06533333333333333,0.0005
,,,,,43094,105.0,105,,,,,,
,,,,,43192,98.0,98,,,,,,
,,,,,43293,101.0,101,,,,,,
,,,,,43391,98.0,98,,,,,,
,,,,,43496,105.0,105,,,,,,
,,,,,43591,95.0,95,,,,,,
,,,,,43694,103.0,103,,,,,,
,,,,,43707,13.0,13,,,,,,
,,,,,43807,100.0,100,,,,,,
,,,,,43825,18.0,18,,,,,,
,,,,,43919,94.0,94,,,,,,
,,,,,44000,,,0.5526286363601685,32.95136260986328,32.88933563232422,9.573026657104492,0.06266666666666668,0.0005
,,,,,44021,102.0,102,,,,,,
,,,,,44123,102.0,102,,,,,,
,,,,,44223,100.0,100,,,,,,
,,,,,44321,98.0,98,,,,,,
,,,,,44420,99.0,99,,,,,,
,,,,,44520,100.0,100,,,,,,
,,,,,44625,105.0,105,,,,,,
,,,,,44722,97.0,97,,,,,,
,,,,,44822,100.0,100,,,,,,
,,,,,44920,98.0,98,,,,,,
100.7,1.2688577,103.0,99.0,100.7,45000,,,0.2770484983921051,33.07007598876953,33.117095947265625,7.452121734619141,0.060000000000000005,0.0005
,,,,,45022,102.0,102,,,,,,
,,,,,45126,104.0,104,,,,,,
,,,,,45229,103.0,103,,,,,,
,,,,,45329,100.0,100,,,,,,
,,,,,45375,46.0,46,,,,,,
,,,,,45405,30.0,30,,,,,,
,,,,,45508,103.0,103,,,,,,
,,,,,45631,123.0,123,,,,,,
,,,,,45731,100.0,100,,,,,,
,,,,,45831,100.0,100,,,,,,
,,,,,45934,103.0,103,,,,,,
,,,,,46000,,,0.5206040143966675,34.191070556640625,34.08673095703125,18.6904296875,0.05733333333333334,0.0005
,,,,,46035,101.0,101,,,,,,
,,,,,46140,105.0,105,,,,,,
,,,,,46248,108.0,108,,,,,,
,,,,,46350,102.0,102,,,,,,
,,,,,46457,107.0,107,,,,,,
,,,,,46472,15.0,15,,,,,,
,,,,,46578,106.0,106,,,,,,
,,,,,46687,109.0,109,,,,,,
,,,,,46789,102.0,102,,,,,,
,,,,,46892,103.0,103,,,,,,
,,,,,46996,104.0,104,,,,,,
,,,,,47000,,,0.15875133872032166,36.40522766113281,36.43327331542969,6.1855645179748535,0.054666666666666676,0.0005
,,,,,47096,100.0,100,,,,,,
,,,,,47198,102.0,102,,,,,,
,,,,,47301,103.0,103,,,,,,
,,,,,47312,11.0,11,,,,,,
,,,,,47413,101.0,101,,,,,,
105.7,2.3259406,110.0,103.0,105.7,47500,,,0.24318256974220276,35.51670455932617,35.54967498779297,6.121252536773682,0.05333333333333334,0.0005
,,,,,47517,104.0,104,,,,,,
,,,,,47623,106.0,106,,,,,,
,,,,,47723,100.0,100,,,,,,
,,,,,47822,99.0,99,,,,,,
,,,,,47926,104.0,104,,,,,,
,,,,,48000,,,0.20068345963954926,35.5853271484375,35.56608581542969,3.9786033630371094,0.052000000000000005,0.0005
,,,,,48026,100.0,100,,,,,,
,,,,,48134,108.0,108,,,,,,
,,,,,48235,101.0,101,,,,,,
,,,,,48333,98.0,98,,,,,,
,,,,,48432,99.0,99,,,,,,
,,,,,48533,101.0,101,,,,,,
,,,,,48634,101.0,101,,,,,,
,,,,,48738,104.0,104,,,,,,
,,,,,48838,100.0,100,,,,,,
,,,,,48942,104.0,104,,,,,,
,,,,,49000,,,0.3033974766731262,36.244346618652344,36.26413345336914,10.511611938476562,0.04933333333333334,0.0005
,,,,,49044,102.0,102,,,,,,
,,,,,49148,104.0,104,,,,,,
,,,,,49250,102.0,102,,,,,,
,,,,,49351,101.0,101,,,,,,
,,,,,49456,105.0,105,,,,,,
,,,,,49562,106.0,106,,,,,,
,,,,,49667,105.0,105,,,,,,
,,,,,49767,100.0,100,,,,,,
,,,,,49872,105.0,105,,,,,,
,,,,,49973,101.0,101,,,,,,
108.0,1.4832398,110.0,106.0,108.0,50000,,,0.19808273017406464,34.17139434814453,34.28485870361328,13.149687767028809,0.046666666666666676,0.0005
,,,,,50074,101.0,101,,,,,,
,,,,,50174,100.0,100,,,,,,
,,,,,50277,103.0,103,,,,,,
,,,,,50290,13.0,13,,,,,,
,,,,,50395,105.0,105,,,,,,
,,,,,50497,102.0,102,,,,,,
,,,,,50511,14.0,14,,,,,,
,,,,,50615,104.0,104,,,,,,
,,,,,50710,95.0,95,,,,,,
,,,,,50814,104.0,104,,,,,,
,,,,,50829,15.0,15,,,,,,
,,,,,50935,106.0,106,,,,,,
,,,,,51000,,,0.4548446834087372,34.7748908996582,34.62247848510742,16.696659088134766,0.04400000000000001,0.0005
,,,,,51042,107.0,107,,,,,,
,,,,,51142,100.0,100,,,,,,
,,,,,51241,99.0,99,,,,,,
,,,,,51341,100.0,100,,,,,,
,,,,,51444,103.0,103,,,,,,
,,,,,51549,105.0,105,,,,,,
,,,,,51650,101.0,101,,,,,,
,,,,,51750,100.0,100,,,,,,
,,,,,51850,100.0,100,,,,,,
,,,,,51958,108.0,108,,,,,,
,,,,,52000,,,0.25908052921295166,36.232582092285156,36.317317962646484,9.954054832458496,0.04133333333333334,0.0005
,,,,,52057,99.0,99,,,,,,
,,,,,52157,100.0,100,,,,,,
,,,,,52260,103.0,103,,,,,,
,,,,,52364,104.0,104,,,,,,
,,,,,52464,100.0,100,,,,,,
103.6,1.4282857,106.0,102.0,103.6,52500,,,0.13612142205238342,36.70347213745117,36.68778991699219,9.074962615966797,0.04000000000000001,0.0005
,,,,,52565,101.0,101,,,,,,
,,,,,52667,102.0,102,,,,,,
,,,,,52769,102.0,102,,,,,,
,,,,,52869,100.0,100,,,,,,
,,,,,52970,101.0,101,,,,,,
,,,,,53000,,,0.2637212872505188,37.96337890625,38.063446044921875,10.589031219482422,0.03866666666666667,0.0005
,,,,,53071,101.0,101,,,,,,
,,,,,53180,109.0,109,,,,,,
,,,,,53284,104.0,104,,,,,,
,,,,,53387,103.0,103,,,,,,
,,,,,53490,103.0,103,,,,,,
,,,,,53591,101.0,101,,,,,,
,,,,,53693,102.0,102,,,,,,
,,,,,53794,101.0,101,,,,,,
,,,,,53810,16.0,16,,,,,,
,,,,,53911,101.0,101,,,,,,
,,,,,54000,,,0.3041963577270508,37.92736053466797,37.868839263916016,3.6752283573150635,0.036000000000000004,0.0005
,,,,,54015,104.0,104,,,,,,
,,,,,54027,12.0,12,,,,,,
,,,,,54136,109.0,109,,,,,,
,,,,,54245,109.0,109,,,,,,
,,,,,54352,107.0,107,,,,,,
,,,,,54459,107.0,107,,,,,,
,,,,,54568,109.0,109,,,,,,
,,,,,54676,108.0,108,,,,,,
,,,,,54786,110.0,110,,,,,,
,,,,,54895,109.0,109,,,,,,
110.5,2.2472205,113.0,106.0,110.5,55000,,,0.2402326762676239,38.37452697753906,38.31946563720703,8.725942611694336,0.03333333333333334,0.0005
,,,,,55004,109.0,109,,,,,,
,,,,,55117,113.0,113,,,,,,
,,,,,55227,110.0,110,,,,,,
,,,,,55338,111.0,111,,,,,,
,,,,,55449,111.0,111,,,,,,
,,,,,55557,108.0,108,,,,,,
,,,,,55667,110.0,110,,,,,,
,,,,,55779,112.0,112,,,,,,
,,,,,55887,108.0,108,,,,,,
,,,,,55904,17.0,17,,,,,,
,,,,,56000,,,0.15470175445079803,38.74375915527344,38.824798583984375,7.32342529296875,0.03066666666666666,0.0005
,,,,,56013,109.0,109,,,,,,
,,,,,56123,110.0,110,,,,,,
,,,,,56236,113.0,113,,,,,,
,,,,,56347,111.0,111,,,,,,
,,,,,56465,118.0,118,,,,,,
,,,,,56580,115.0,115,,,,,,
,,,,,56690,110.0,110,,,,,,
,,,,,56803,113.0,113,,,,,,
,,,,,56917,114.0,114,,,,,,
,,,,,57000,,,3.0460000038146973,37.86982345581055,37.70880889892578,67.42974853515625,0.027999999999999997,0.0005
,,,,,57028,111.0,111,,,,,,
,,,,,57144,116.0,116,,,,,,
,,,,,57260,116.0,116,,,,,,
,,,,,57375,115.0,115,,,,,,
,,,,,57494,119.0,119,,,,,,
115.9,1.5779735,118.0,113.0,115.9,57500,,,0.24695295095443726,40.151153564453125,40.224700927734375,6.677428245544434,0.026666666666666672,0.0005
,,,,,57610,116.0,116,,,,,,
,,,,,57730,120.0,120,,,,,,
,,,,,57852,122.0,122,,,,,,
,,,,,57972,120.0,120,,,,,,
,,,,,58000,,,0.47965162992477417,38.96586227416992,38.96234893798828,11.25370979309082,0.025333333333333333,0.0005
,,,,,58085,113.0,113,,,,,,
,,,,,58199,114.0,114,,,,,,
,,,,,58316,117.0,117,,,,,,
,,,,,58426,110.0,110,,,,,,
,,,,,58538,112.0,112,,,,,,
,,,,,58651,113.0,113,,,,,,
,,,,,58761,110.0,110,,,,,,
,,,,,58879,118.0,118,,,,,,
,,,,,58991,112.0,112,,,,,,
,,,,,59000,,,0.3926053047180176,40.8428955078125,40.75227355957031,7.448797225952148,0.02266666666666667,0.0005
,,,,,59105,114.0,114,,,,,,
,,,,,59223,118.0,118,,,,,,
,,,,,59357,134.0,134,,,,,,
,,,,,59372,15.0,15,,,,,,
,,,,,59492,120.0,120,,,,,,
,,,,,59606,114.0,114,,,,,,
,,,,,59729,123.0,123,,,,,,
,,,,,59844,115.0,115,,,,,,
,,,,,59958,114.0,114,,,,,,
127.7,2.9342802,134.0,124.0,127.7,60000,,,0.14374631643295288,40.32942199707031,40.429256439208984,4.505213260650635,0.02,0.0005
,,,,,60079,121.0,121,,,,,,
,,,,,60199,120.0,120,,,,,,
,,,,,60317,118.0,118,,,,,,
,,,,,60436,119.0,119,,,,,,
,,,,,60559,123.0,123,,,,,,
,,,,,60671,112.0,112,,,,,,
,,,,,60790,119.0,119,,,,,,
,,,,,60908,118.0,118,,,,,,
,,,,,61000,,,0.20611250400543213,40.90652084350586,40.92060089111328,5.4052815437316895,0.02,0.0005
,,,,,61034,126.0,126,,,,,,
,,,,,61170,136.0,136,,,,,,
,,,,,61296,126.0,126,,,,,,
,,,,,61425,129.0,129,,,,,,
,,,,,61550,125.0,125,,,,,,
,,,,,61675,125.0,125,,,,,,
,,,,,61813,138.0,138,,,,,,
,,,,,61951,138.0,138,,,,,,
,,,,,62000,,,0.3186336159706116,40.377628326416016,40.35456085205078,9.629692077636719,0.02,0.0005
,,,,,62070,119.0,119,,,,,,
,,,,,62200,130.0,130,,,,,,
,,,,,62340,140.0,140,,,,,,
149.1,6.236185,159.0,141.0,149.1,62500,,,0.22706395387649536,42.58445739746094,42.52698516845703,8.903602600097656,0.02,0.0005
,,,,,62505,165.0,165,,,,,,
,,,,,62647,142.0,142,,,,,,
,,,,,62803,156.0,156,,,,,,
,,,,,62929,126.0,126,,,,,,
,,,,,63000,,,0.3462664484977722,42.22114562988281,42.16111755371094,26.32143783569336,0.02,0.0005
,,,,,63063,134.0,134,,,,,,
,,,,,63202,139.0,139,,,,,,
,,,,,63338,136.0,136,,,,,,
,,,,,63493,155.0,155,,,,,,
,,,,,63636,143.0,143,,,,,,
,,,,,63752,116.0,116,,,,,,
,,,,,63865,113.0,113,,,,,,
,,,,,63971,106.0,106,,,,,,
,,,,,64000,,,0.19630441069602966,41.33336639404297,41.33924102783203,12.01685905456543,0.02,0.0005
,,,,,64074,103.0,103,,,,,,
,,,,,64187,113.0,113,,,,,,
,,,,,64202,15.0,15,,,,,,
,,,,,64342,140.0,140,,,,,,
,,,,,64557,215.0,215,,,,,,
,,,,,64681,124.0,124,,,,,,
,,,,,64694,13.0,13,,,,,,
,,,,,64783,89.0,89,,,,,,
,,,,,64903,120.0,120,,,,,,
116.4,8.935323,126.0,93.0,116.4,65000,,,0.4897405505180359,41.12925720214844,41.088958740234375,4.944772720336914,0.02,0.0005
,,,,,65007,104.0,104,,,,,,
,,,,,65150,143.0,143,,,,,,
,,,,,65249,99.0,99,,,,,,
,,,,,65360,111.0,111,,,,,,
,,,,,65463,103.0,103,,,,,,
,,,,,65593,130.0,130,,,,,,
,,,,,65704,111.0,111,,,,,,
,,,,,65803,99.0,99,,,,,,
,,,,,65919,116.0,116,,,,,,
,,,,,66000,,,0.11671580374240875,43.361045837402344,43.44608688354492,7.241654872894287,0.02,0.0005
,,,,,66036,117.0,117,,,,,,
,,,,,66048,12.0,12,,,,,,
,,,,,66182,134.0,134,,,,,,
,,,,,66301,119.0,119,,,,,,
,,,,,66422,121.0,121,,,,,,
,,,,,66535,113.0,113,,,,,,
,,,,,66646,111.0,111,,,,,,
,,,,,66761,115.0,115,,,,,,
,,,,,66887,126.0,126,,,,,,
,,,,,66997,110.0,110,,,,,,
,,,,,67000,,,0.2972763776779175,44.358585357666016,44.35310363769531,9.366579055786133,0.02,0.0005
,,,,,67109,112.0,112,,,,,,
,,,,,67220,111.0,111,,,,,,
,,,,,67337,117.0,117,,,,,,
,,,,,67473,136.0,136,,,,,,
102.6,8.296988,117.0,92.0,102.6,67500,,,0.19036327302455902,45.211517333984375,45.18122100830078,11.6864652633667,0.02,0.0005
,,,,,67597,124.0,124,,,,,,
,,,,,67699,102.0,102,,,,,,
,,,,,67819,120.0,120,,,,,,
,,,,,67924,105.0,105,,,,,,
,,,,,67939,15.0,15,,,,,,
,,,,,68000,,,0.1416628062725067,43.82399368286133,43.82255172729492,4.071362495422363,0.02,0.0005
,,,,,68033,94.0,94,,,,,,
,,,,,68143,110.0,110,,,,,,
,,,,,68257,114.0,114,,,,,,
,,,,,68360,103.0,103,,,,,,
,,,,,68466,106.0,106,,,,,,
,,,,,68585,119.0,119,,,,,,
,,,,,68684,99.0,99,,,,,,
,,,,,68783,99.0,99,,,,,,
,,,,,68885,102.0,102,,,,,,
,,,,,68979,94.0,94,,,,,,
,,,,,69000,,,0.66380774974823,44.01878356933594,43.86442565917969,18.017656326293945,0.02,0.0005
,,,,,69084,105.0,105,,,,,,
,,,,,69192,108.0,108,,,,,,
,,,,,69283,91.0,91,,,,,,
,,,,,69372,89.0,89,,,,,,
,,,,,69479,107.0,107,,,,,,
,,,,,69571,92.0,92,,,,,,
,,,,,69659,88.0,88,,,,,,
,,,,,69765,106.0,106,,,,,,
,,,,,69865,100.0,100,,,,,,
,,,,,69959,94.0,94,,,,,,
112.6,7.952358,126.0,100.0,112.6,70000,,,0.13054385781288147,42.81343078613281,42.854896545410156,5.779242992401123,0.02,0.0005
,,,,,70064,105.0,105,,,,,,
,,,,,70090,26.0,26,,,,,,
,,,,,70194,104.0,104,,,,,,
,,,,,70288,94.0,94,,,,,,
,,,,,70375,87.0,87,,,,,,
,,,,,70479,104.0,104,,,,,,
,,,,,70572,93.0,93,,,,,,
,,,,,70663,91.0,91,,,,,,
,,,,,70753,90.0,90,,,,,,
,,,,,70843,90.0,90,,,,,,
,,,,,70935,92.0,92,,,,,,
,,,,,71000,,,0.16226932406425476,44.404571533203125,44.46099090576172,12.41346549987793,0.02,0.0005
,,,,,71026,91.0,91,,,,,,
,,,,,71127,101.0,101,,,,,,
,,,,,71225,98.0,98,,,,,,
,,,,,71335,110.0,110,,,,,,
,,,,,71457,122.0,122,,,,,,
,,,,,71580,123.0,123,,,,,,
,,,,,71746,166.0,166,,,,,,
,,,,,71849,103.0,103,,,,,,
,,,,,71957,108.0,108,,,,,,
,,,,,72000,,,0.2685166299343109,45.99645233154297,46.06415557861328,7.906927585601807,0.02,0.0005
,,,,,72092,135.0,135,,,,,,
,,,,,72215,123.0,123,,,,,,
,,,,,72357,142.0,142,,,,,,
,,,,,72486,129.0,129,,,,,,
120.8,11.0435505,137.0,106.0,120.8,72500,,,0.4667890667915344,42.31032943725586,42.269535064697266,20.590267181396484,0.02,0.0005
,,,,,72608,122.0,122,,,,,,
,,,,,72728,120.0,120,,,,,,
,,,,,72838,110.0,110,,,,,,
,,,,,72972,134.0,134,,,,,,
,,,,,73000,,,0.27332356572151184,47.54180908203125,47.4749641418457,10.647086143493652,0.02,0.0005
,,,,,73073,101.0,101,,,,,,
,,,,,73186,113.0,113,,,,,,
,,,,,73327,141.0,141,,,,,,
,,,,,73476,149.0,149,,,,,,
,,,,,73582,106.0,106,,,,,,
,,,,,73691,109.0,109,,,,,,
,,,,,73814,123.0,123,,,,,,
,,,,,74000,,,0.10594824701547623,46.14025115966797,46.17560958862305,4.492064476013184,0.02,0.0005
,,,,,74002,188.0,188,,,,,,
,,,,,74115,113.0,113,,,,,,
,,,,,74239,124.0,124,,,,,,
,,,,,74347,108.0,108,,,,,,
,,,,,74484,137.0,137,,,,,,
,,,,,74591,107.0,107,,,,,,
,,,,,74695,104.0,104,,,,,,
,,,,,74815,120.0,120,,,,,,
,,,,,74934,119.0,119,,,,,,
104.9,4.7212286,116.0,96.0,104.9,75000,,,0.2553251385688782,45.170040130615234,45.04086685180664,26.158226013183594,0.02,0.0005
,,,,,75042,108.0,108,,,,,,
,,,,,75141,99.0,99,,,,,,
,,,,,75243,102.0,102,,,,,,
,,,,,75348,105.0,105,,,,,,
,,,,,75461,113.0,113,,,,,,
,,,,,75602,141.0,141,,,,,,
,,,,,75735,133.0,133,,,,,,
,,,,,75842,107.0,107,,,,,,
,,,,,75943,101.0,101,,,,,,
,,,,,76000,,,0.18024691939353943,48.926753997802734,48.918060302734375,15.169529914855957,0.02,0.0005
,,,,,76045,102.0,102,,,,,,
,,,,,76148,103.0,103,,,,,,
,,,,,76248,100.0,100,,,,,,
,,,,,76360,112.0,112,,,,,,
,,,,,76468,108.0,108,,,,,,
,,,,,76578,110.0,110,,,,,,
,,,,,76706,128.0,128,,,,,,
,,,,,76822,116.0,116,,,,,,
,,,,,76930,108.0,108,,,,,,
,,,,,77000,,,0.13553985953330994,45.39659881591797,45.38882827758789,3.054434061050415,0.02,0.0005
,,,,,77036,106.0,106,,,,,,
,,,,,77146,110.0,110,,,,,,
,,,,,77255,109.0,109,,,,,,
,,,,,77360,105.0,105,,,,,,
,,,,,77465,105.0,105,,,,,,
152.0,27.007406,219.0,116.0,152.0,77500,,,0.22835303843021393,45.6334342956543,45.706298828125,7.814182758331299,0.02,0.0005
,,,,,77592,127.0,127,,,,,,
,,,,,77696,104.0,104,,,,,,
,,,,,77808,112.0,112,,,,,,
,,,,,77930,122.0,122,,,,,,
,,,,,78000,,,0.398611456155777,49.14033126831055,49.22412872314453,20.682727813720703,0.02,0.0005
,,,,,78032,102.0,102,,,,,,
,,,,,78171,139.0,139,,,,,,
,,,,,78317,146.0,146,,,,,,
,,,,,78499,182.0,182,,,,,,
,,,,,78663,164.0,164,,,,,,
,,,,,78796,133.0,133,,,,,,
,,,,,78944,148.0,148,,,,,,
,,,,,79000,,,0.32603055238723755,47.594581604003906,47.56629943847656,9.990876197814941,0.02,0.0005
,,,,,79444,500.0,500,,,,,,
,,,,,79944,500.0,500,,,,,,
146.6,34.029987,205.0,107.0,146.6,80000,,,0.16753357648849487,47.618045806884766,47.65330505371094,3.967489719390869,0.02,0.0005
,,,,,80222,278.0,278,,,,,,
,,,,,80722,500.0,500,,,,,,
,,,,,81000,,,0.4366499185562134,45.29338836669922,45.26585388183594,9.466487884521484,0.02,0.0005
,,,,,81222,500.0,500,,,,,,
,,,,,81722,500.0,500,,,,,,
,,,,,81927,205.0,205,,,,,,
,,,,,82000,,,0.6421756744384766,48.18031311035156,48.219390869140625,25.536603927612305,0.02,0.0005
,,,,,82061,134.0,134,,,,,,
500.0,0.0,500.0,500.0,500.0,82500,,,0.14179453253746033,45.50632095336914,45.55897521972656,4.622835636138916,0.02,0.0005
,,,,,82561,500.0,500,,,,,,
,,,,,82812,251.0,251,,,,,,
,,,,,82977,165.0,165,,,,,,
,,,,,83000,,,0.2502687871456146,49.73093032836914,49.767906188964844,5.793951988220215,0.02,0.0005
,,,,,83131,154.0,154,,,,,,
,,,,,83631,500.0,500,,,,,,
,,,,,83840,209.0,209,,,,,,
,,,,,83915,75.0,75,,,,,,
,,,,,84000,,,0.3156467080116272,47.548561096191406,47.474369049072266,25.93967056274414,0.02,0.0005
,,,,,84415,500.0,500,,,,,,
,,,,,84847,432.0,432,,,,,,
139.6,7.1721687,151.0,129.0,139.6,85000,,,0.13484057784080505,50.558570861816406,50.62652587890625,14.073451042175293,0.02,0.0005
,,,,,85034,187.0,187,,,,,,
,,,,,85534,500.0,500,,,,,,
,,,,,86000,,,0.17195507884025574,50.348548889160156,50.169212341308594,13.586057662963867,0.02,0.0005
,,,,,86007,473.0,473,,,,,,
,,,,,86507,500.0,500,,,,,,
,,,,,86967,460.0,460,,,,,,
,,,,,87000,,,0.36451560258865356,49.81397247314453,49.85285568237305,10.372856140136719,0.02,0.0005
,,,,,87467,500.0,500,,,,,,
245.9,12.332478,265.0,229.0,245.9,87500,,,1.7528051137924194,48.06432342529297,48.074337005615234,34.673072814941406,0.02,0.0005
,,,,,87741,274.0,274,,,,,,
,,,,,88000,,,0.20155270397663116,50.75957489013672,50.753143310546875,5.28817081451416,0.02,0.0005
,,,,,88122,381.0,381,,,,,,
,,,,,88622,500.0,500,,,,,,
,,,,,89000,,,0.3896638751029968,48.54290771484375,48.38980484008789,14.4945707321167,0.02,0.0005
,,,,,89122,500.0,500,,,,,,
,,,,,89622,500.0,500,,,,,,
126.8,3.9949968,136.0,121.0,126.8,90000,,,0.26994603872299194,48.51559066772461,48.421268463134766,10.27932357788086,0.02,0.0005
,,,,,90030,408.0,408,,,,,,
,,,,,90530,500.0,500,,,,,,
,,,,,90908,378.0,378,,,,,,
,,,,,91000,,,0.18868741393089294,49.38201904296875,49.445472717285156,12.014628410339355,0.02,0.0005
,,,,,91408,500.0,500,,,,,,
,,,,,91658,250.0,250,,,,,,
,,,,,91876,218.0,218,,,,,,
,,,,,92000,,,0.5298702120780945,53.00746536254883,53.06210708618164,40.7481575012207,0.02,0.0005
,,,,,92376,500.0,500,,,,,,
120.7,3.950949,127.0,113.0,120.7,92500,,,0.2674839496612549,54.80024337768555,54.752716064453125,28.562795639038086,0.02,0.0005
,,,,,92584,208.0,208,,,,,,
,,,,,92714,130.0,130,,,,,,
,,,,,93000,,,0.14446714520454407,50.06261444091797,50.02398681640625,4.15619421005249,0.02,0.0005
,,,,,93042,328.0,328,,,,,,
,,,,,93370,328.0,328,,,,,,
,,,,,93612,242.0,242,,,,,,
,,,,,93841,229.0,229,,,,,,
,,,,,94000,,,3.1462066173553467,51.6861457824707,51.93081283569336,73.1138916015625,0.02,0.0005
,,,,,94055,214.0,214,,,,,,
,,,,,94449,394.0,394,,,,,,
,,,,,94604,155.0,155,,,,,,
,,,,,94908,304.0,304,,,,,,
243.6,12.611107,262.0,226.0,243.6,95000,,,0.2465340942144394,50.423858642578125,50.434906005859375,12.27531909942627,0.02,0.0005
,,,,,95295,387.0,387,,,,,,
,,,,,95795,500.0,500,,,,,,
,,,,,96000,,,0.13980633020401,49.3765983581543,49.424354553222656,4.63648796081543,0.02,0.0005
,,,,,96295,500.0,500,,,,,,
,,,,,96795,500.0,500,,,,,,
,,,,,97000,,,0.8126567602157593,54.170249938964844,54.223453521728516,7.765691757202148,0.02,0.0005
,,,,,97124,329.0,329,,,,,,
,,,,,97368,244.0,244,,,,,,
135.0,4.0249224,142.0,127.0,135.0,97500,,,0.6317449808120728,52.04585266113281,52.078163146972656,6.873694896697998,0.02,0.0005
,,,,,97868,500.0,500,,,,,,
,,,,,98000,,,0.1601276844739914,54.52207946777344,54.46562957763672,3.1447439193725586,0.02,0.0005
,,,,,98368,500.0,500,,,,,,
,,,,,98408,40.0,40,,,,,,
,,,,,98618,210.0,210,,,,,,
,,,,,99000,,,0.19858184456825256,56.24462127685547,56.32856369018555,21.374792098999023,0.02,0.0005
,,,,,99118,500.0,500,,,,,,
,,,,,99428,310.0,310,,,,,,
,,,,,99580,152.0,152,,,,,,
,,,,,99774,194.0,194,,,,,,
