{"env_name": "InvertedPendulum-v4", "exp_name": "pendulum_rtg_baseline_na_gae_99_bs_1000", "n_iter": 100, "use_reward_to_go": true, "use_baseline": true, "baseline_learning_rate": 0.005, "baseline_gradient_steps": 5, "gae_lambda": 0.99, "normalize_advantages": true, "batch_size": 1000, "eval_batch_size": 1000, "discount": 1.0, "learning_rate": 0.005, "n_layers": 2, "layer_size": 64, "ep_len": null, "seed": 1, "no_gpu": false, "which_gpu": 0, "video_log_freq": -1, "scalar_log_freq": 1, "save_dir": "exp/InvertedPendulum-v4_pendulum_rtg_baseline_na_gae_99_bs_1000_sd1_20260225_155845"}