critic/q_loss,critic/q_mean,critic/q_max,critic/q_min,bc_actor/loss,onestep_actor/total_loss,onestep_actor/distill_loss,onestep_actor/q_loss,onestep_actor/mse,step
0.9839680194854736,-0.03271484375,0.05419921875,-0.1318359375,1.1644842624664307,51.500457763671875,51.301239013671875,0.19921875,0.19301153719425201,0
0.870326042175293,-38.25,0.031982421875,-40.0,0.18808048963546753,38.649715423583984,0.3997146487236023,38.25,0.0302346833050251,10000
1.1324875354766846,-37.5,0.408203125,-50.0,0.17586883902549744,37.34782409667969,0.5978245139122009,36.75,0.0340031199157238,20000
0.8364092111587524,-33.0,0.2890625,-47.5,0.19042925536632538,32.85422897338867,0.6042298674583435,32.25,0.041644204407930374,30000
0.7773629426956177,-30.25,0.1318359375,-45.5,0.16447988152503967,30.139957427978516,0.5149582028388977,29.625,0.03455539420247078,40000
0.6915925741195679,-30.5,0.060546875,-46.5,0.17555919289588928,30.25680160522461,0.6318014860153198,29.625,0.03347479924559593,50000
0.4115659296512604,-30.375,0.1005859375,-46.75,0.1870112419128418,30.343616485595703,0.4686162769794464,29.875,0.03560086712241173,60000
0.464356929063797,-30.0,0.0810546875,-47.0,0.17656108736991882,29.742835998535156,0.49283596873283386,29.25,0.030039211735129356,70000
0.4785916805267334,-30.25,0.306640625,-50.5,0.1799091100692749,30.012727737426758,0.5127284526824951,29.5,0.033150121569633484,80000
0.5163378119468689,-29.25,0.423828125,-48.25,0.1447821408510208,29.013626098632812,0.513626754283905,28.5,0.03738890588283539,90000
0.4231778681278229,-29.375,0.19140625,-47.25,0.15291497111320496,29.508630752563477,0.6336311101913452,28.875,0.028459910303354263,100000
0.42901551723480225,-29.875,0.2236328125,-48.75,0.18242067098617554,29.772064208984375,0.5220646262168884,29.25,0.03052518330514431,110000
0.4059330224990845,-29.75,0.197265625,-48.0,0.18794137239456177,29.678207397460938,0.5532082319259644,29.125,0.03024400770664215,120000
0.37805426120758057,-29.25,0.1962890625,-47.75,0.1640799194574356,28.966800689697266,0.46680140495300293,28.5,0.02743246592581272,130000
0.4244709610939026,-29.5,0.056884765625,-52.75,0.13463090360164642,29.228322982788086,0.47832298278808594,28.75,0.030516797676682472,140000
0.4153022766113281,-30.25,0.09765625,-52.5,0.17617398500442505,30.075267791748047,0.45026829838752747,29.625,0.027778390794992447,150000
0.2828930914402008,-29.625,0.48046875,-47.75,0.16591139137744904,29.60953140258789,0.6095315217971802,29.0,0.03241124376654625,160000
0.3559706211090088,-29.625,0.2734375,-47.75,0.1639736294746399,29.39748764038086,0.6474870443344116,28.75,0.03675003722310066,170000
0.34238359332084656,-29.625,0.25390625,-47.0,0.14629846811294556,29.437711715698242,0.43771135807037354,29.0,0.03343566134572029,180000
0.30283188819885254,-28.25,0.208984375,-51.25,0.1806395947933197,28.01260757446289,0.38760772347450256,27.625,0.026907920837402344,190000
0.36911541223526,-29.125,0.039794921875,-46.75,0.13986462354660034,28.80392837524414,0.5539277791976929,28.25,0.024397676810622215,200000
0.3625304102897644,-30.25,0.1650390625,-47.5,0.20921018719673157,30.092329025268555,0.5923281311988831,29.5,0.030980398878455162,210000
0.48113128542900085,-29.25,0.0032806396484375,-50.5,0.20497173070907593,28.980985641479492,0.480985552072525,28.5,0.033988844603300095,220000
0.3984549641609192,-28.75,0.255859375,-45.75,0.1783180981874466,28.675386428833008,0.5503866076469421,28.125,0.03856823593378067,230000
0.3449975252151489,-30.875,0.2177734375,-48.0,0.18607139587402344,30.832122802734375,0.5821225047111511,30.25,0.03178330138325691,240000
0.511466383934021,-29.125,0.126953125,-56.25,0.1816147416830063,28.934986114501953,0.5599861145019531,28.375,0.03366547450423241,250000
0.3820665776729584,-29.5,0.0272216796875,-49.0,0.1628166288137436,29.392684936523438,0.5176840424537659,28.875,0.02568061091005802,260000
0.3626377582550049,-30.125,0.01611328125,-47.25,0.18355633318424225,30.28519630432129,0.6601971387863159,29.625,0.037308722734451294,270000
0.4102090001106262,-29.75,0.1513671875,-47.25,0.1493726521730423,29.667339324951172,0.5423398017883301,29.125,0.030966002494096756,280000
0.4203088879585266,-28.625,0.19921875,-55.25,0.12698137760162354,28.49371910095215,0.618718683719635,27.875,0.02620350383222103,290000
0.31913310289382935,-29.625,-0.0206298828125,-54.25,0.1454833298921585,29.382558822631836,0.5075588822364807,28.875,0.03644755110144615,300000
0.3583613336086273,-29.875,0.04150390625,-55.75,0.13932958245277405,29.86323356628418,0.4882343113422394,29.375,0.024262748658657074,310000
0.5295994877815247,-30.125,-0.0400390625,-54.25,0.1577197015285492,29.807594299316406,0.5575935244560242,29.25,0.024436527863144875,320000
0.5150277614593506,-29.125,-0.020263671875,-48.75,0.18336373567581177,28.87453842163086,0.4995393455028534,28.375,0.03168680891394615,330000
0.2845385670661926,-28.25,0.05322265625,-47.75,0.16215398907661438,28.02111053466797,0.396110475063324,27.625,0.026148522272706032,340000
0.42780327796936035,-28.75,0.00775146484375,-45.75,0.1575872302055359,28.52096176147461,0.5209616422653198,28.0,0.02628944255411625,350000
0.339302659034729,-30.0,0.02734375,-46.5,0.20686300098896027,29.82715606689453,0.45215561985969543,29.375,0.03102821111679077,360000
0.466176301240921,-29.0,-0.027587890625,-47.5,0.17357301712036133,28.893770217895508,0.5187705159187317,28.375,0.02593362331390381,370000
0.3980419337749481,-29.375,0.1611328125,-45.5,0.15733325481414795,29.109323501586914,0.6093229651451111,28.5,0.025261366739869118,380000
0.3363092839717865,-29.125,-0.0400390625,-48.5,0.1744081825017929,28.967018127441406,0.3420185446739197,28.625,0.024685168638825417,390000
0.5771515369415283,-28.875,0.035400390625,-47.5,0.18581464886665344,28.718875885009766,0.5938753485679626,28.125,0.03304515406489372,400000
0.44170403480529785,-28.375,0.283203125,-46.0,0.17132562398910522,28.122941970825195,0.49794280529022217,27.625,0.035319734364748,410000
0.3386692702770233,-28.5,0.010986328125,-58.75,0.18778908252716064,28.323705673217773,0.5737065076828003,27.75,0.044822901487350464,420000
0.38762325048446655,-28.5,0.08740234375,-46.75,0.21637707948684692,28.51163673400879,0.6366368532180786,27.875,0.03309933468699455,430000
0.34994423389434814,-29.375,-0.02490234375,-56.5,0.16341713070869446,29.099166870117188,0.4741677939891815,28.625,0.025692043825984,440000
0.472747802734375,-29.625,0.2333984375,-57.25,0.15830451250076294,29.37505531311035,0.3750550448894501,29.0,0.025873754173517227,450000
0.30043572187423706,-29.375,0.0145263671875,-58.25,0.1454736590385437,29.154216766357422,0.5292171835899353,28.625,0.027915215119719505,460000
0.3324524462223053,-28.25,0.0693359375,-46.75,0.17599013447761536,27.98076629638672,0.4807659089565277,27.5,0.028424585238099098,470000
0.30744248628616333,-29.625,0.150390625,-59.75,0.1575298309326172,29.413562774658203,0.41356268525123596,29.0,0.030706152319908142,480000
0.320200115442276,-30.0,-0.0125732421875,-55.0,0.15502598881721497,29.808887481689453,0.558886706829071,29.25,0.024169282987713814,490000
0.2792791724205017,-28.875,0.026123046875,-56.25,0.14608481526374817,28.554176330566406,0.42917653918266296,28.125,0.024216843768954277,500000
0.3517383337020874,-28.75,0.0220947265625,-46.75,0.1951342672109604,28.79812240600586,0.5481222867965698,28.25,0.03135154768824577,510000
0.4346531927585602,-28.875,0.05908203125,-61.0,0.1529199481010437,28.689308166503906,0.5643090009689331,28.125,0.0330638624727726,520000
0.4081485867500305,-28.25,0.03662109375,-47.5,0.14521707594394684,28.120058059692383,0.49505749344825745,27.625,0.027628039941191673,530000
0.25550732016563416,-29.25,0.03271484375,-47.25,0.168539360165596,29.049819946289062,0.4248194396495819,28.625,0.034579601138830185,540000
0.3207692801952362,-30.0,0.0888671875,-50.0,0.12224210798740387,29.778228759765625,0.40322932600975037,29.375,0.021610673516988754,550000
0.4420924186706543,-28.875,0.2578125,-47.25,0.16212624311447144,28.668737411499023,0.5437379479408264,28.125,0.03006380796432495,560000
0.36821454763412476,-28.5,0.427734375,-54.25,0.15531405806541443,28.360551834106445,0.48555171489715576,27.875,0.030356286093592644,570000
0.502292275428772,-29.5,0.05615234375,-58.5,0.1550569385290146,29.288801193237305,0.5388010144233704,28.75,0.026443293318152428,580000
0.22826793789863586,-29.375,-0.025390625,-49.5,0.1553054302930832,29.222755432128906,0.4727558195590973,28.75,0.027536511421203613,590000
0.40399783849716187,-28.0,-0.029052734375,-49.0,0.16127994656562805,27.703187942504883,0.4531884491443634,27.25,0.029112106189131737,600000
0.3433815836906433,-28.75,0.0306396484375,-57.25,0.17864063382148743,28.521297454833984,0.3962971270084381,28.125,0.03127814084291458,610000
0.2692607045173645,-28.75,0.040771484375,-53.25,0.13804608583450317,28.512601852416992,0.38760221004486084,28.125,0.023598119616508484,620000
0.2369709610939026,-28.0,0.1337890625,-50.5,0.18912272155284882,27.693532943725586,0.4435327351093292,27.25,0.03267655894160271,630000
0.5182397365570068,-28.75,0.0257568359375,-47.5,0.16898313164710999,28.57588005065918,0.45087990164756775,28.125,0.02728413976728916,640000
0.35795140266418457,-29.5,0.08837890625,-57.0,0.1745539903640747,29.36479377746582,0.3647928535938263,29.0,0.029679937288165092,650000
0.439447283744812,-28.375,0.031982421875,-52.25,0.17927303910255432,28.108163833618164,0.35816341638565063,27.75,0.03250042721629143,660000
0.4322223663330078,-29.0,0.166015625,-52.0,0.16866058111190796,28.89334487915039,0.5183442831039429,28.375,0.02786143682897091,670000
0.3631710410118103,-29.0,0.038818359375,-45.75,0.1776217222213745,28.624988555908203,0.49998927116394043,28.125,0.022294163703918457,680000
0.3702608048915863,-28.125,-0.0177001953125,-47.5,0.16325044631958008,27.926109313964844,0.42610839009284973,27.5,0.03184717521071434,690000
0.41423699259757996,-29.75,-0.01263427734375,-51.0,0.1601361632347107,29.427738189697266,0.5527386665344238,28.875,0.02609124593436718,700000
0.27176618576049805,-29.125,0.02783203125,-57.0,0.15412510931491852,29.119977951049805,0.6199783682823181,28.5,0.030107690021395683,710000
0.41698312759399414,-29.0,0.050048828125,-52.75,0.15662533044815063,28.794597625732422,0.5445982217788696,28.25,0.02837839163839817,720000
0.3923202455043793,-28.25,0.10498046875,-47.0,0.16989120841026306,28.060943603515625,0.4359429180622101,27.625,0.03210857883095741,730000
0.38213610649108887,-28.375,0.061279296875,-48.75,0.16482704877853394,28.297025680541992,0.6720258593559265,27.625,0.03124944306910038,740000
0.31411612033843994,-28.375,-0.06005859375,-46.75,0.16455692052841187,28.095407485961914,0.4704081118106842,27.625,0.023446425795555115,750000
0.34519100189208984,-29.0,-0.039794921875,-46.0,0.1525419056415558,28.71186637878418,0.461867094039917,28.25,0.02212122455239296,760000
0.3276234269142151,-28.75,-3.921875,-46.0,0.17470335960388184,28.56450080871582,0.43950024247169495,28.125,0.034312695264816284,770000
0.279920756816864,-29.0,0.06591796875,-46.75,0.15538625419139862,28.754396438598633,0.5043967366218567,28.25,0.025288322940468788,780000
0.3516687750816345,-28.5,-0.030029296875,-48.25,0.14100033044815063,28.38753890991211,0.6375381946563721,27.75,0.025504330173134804,790000
0.30135294795036316,-29.375,-0.054931640625,-48.25,0.17490938305854797,29.2449951171875,0.36999452114105225,28.875,0.030395938083529472,800000
0.2593022584915161,-28.75,0.06103515625,-54.5,0.15857845544815063,28.5498104095459,0.5498104691505432,28.0,0.029025927186012268,810000
0.37205085158348083,-28.25,0.11328125,-46.5,0.17165467143058777,28.11271858215332,0.6127177476882935,27.5,0.03210120648145676,820000
0.38531461358070374,-28.875,0.010986328125,-50.0,0.1385170966386795,28.581924438476562,0.45692408084869385,28.125,0.024928215891122818,830000
0.29144930839538574,-29.125,-0.0191650390625,-46.5,0.16905920207500458,29.145410537719727,0.5204112529754639,28.625,0.03309540078043938,840000
0.2750895023345947,-29.25,0.208984375,-55.5,0.16572916507720947,29.091867446899414,0.4668675363063812,28.625,0.026784030720591545,850000
0.28870058059692383,-28.75,0.08642578125,-52.25,0.16501225531101227,28.61325454711914,0.48825401067733765,28.125,0.02828400395810604,860000
0.3446260988712311,-29.0,0.040283203125,-57.75,0.17204029858112335,28.7745361328125,0.3995360732078552,28.375,0.02707042172551155,870000
0.2562219500541687,-29.375,0.30078125,-58.75,0.17338240146636963,29.1967830657959,0.44678276777267456,28.75,0.03357846662402153,880000
0.30667024850845337,-28.25,0.01092529296875,-48.75,0.16099032759666443,27.9981632232666,0.49816277623176575,27.5,0.028100211173295975,890000
0.46743476390838623,-28.25,0.1806640625,-48.25,0.16532765328884125,28.008277893066406,0.5082772374153137,27.5,0.025591764599084854,900000
0.36854422092437744,-28.625,0.169921875,-56.75,0.21121256053447723,28.753808975219727,0.6288093328475952,28.125,0.04872221499681473,910000
0.4205029010772705,-29.125,0.0654296875,-46.5,0.17146557569503784,28.914608001708984,0.5396073460578918,28.375,0.02687685564160347,920000
0.28104591369628906,-29.5,-0.00897216796875,-45.0,0.1491643190383911,29.433563232421875,0.43356361985206604,29.0,0.023829329758882523,930000
0.23552781343460083,-29.0,0.0086669921875,-59.5,0.1742531955242157,28.884597778320312,0.38459816575050354,28.5,0.030040401965379715,940000
0.342938095331192,-27.5,0.043701171875,-57.75,0.1902024745941162,27.2596492767334,0.5096501111984253,26.75,0.027795875445008278,950000
0.3281823396682739,-29.5,0.00860595703125,-47.25,0.20629198849201202,29.237165451049805,0.48716533184051514,28.75,0.027572233229875565,960000
0.2655976712703705,-28.125,0.032958984375,-56.5,0.1781434267759323,27.896574020385742,0.39657485485076904,27.5,0.02621803618967533,970000
0.3722304105758667,-28.75,-0.046630859375,-55.25,0.17406529188156128,28.550521850585938,0.4255223870277405,28.125,0.020677095279097557,980000
0.3377916216850281,-28.75,0.177734375,-55.75,0.17127014696598053,28.581058502197266,0.4560583233833313,28.125,0.025479132309556007,990000
0.3044206500053406,-28.625,0.0223388671875,-55.25,0.15862445533275604,28.359695434570312,0.48469528555870056,27.875,0.02815311960875988,1000000
