{"env_name": "CartPole-v0", "exp_name": "cartpole_na", "n_iter": 100, "use_reward_to_go": false, "use_baseline": false, "baseline_learning_rate": 0.005, "baseline_gradient_steps": 5, "gae_lambda": null, "normalize_advantages": true, "batch_size": 1000, "eval_batch_size": 400, "discount": 1.0, "learning_rate": 0.005, "n_layers": 2, "layer_size": 64, "ep_len": null, "seed": 1, "no_gpu": false, "which_gpu": 0, "video_log_freq": -1, "scalar_log_freq": 1, "save_dir": "exp/CartPole-v0_cartpole_na_sd1_20260216_023436"}