{"env_name": "HalfCheetah-v4", "exp_name": "cheetah_baseline", "n_iter": 100, "use_reward_to_go": true, "use_baseline": true, "baseline_learning_rate": 0.01, "baseline_gradient_steps": 5, "gae_lambda": null, "normalize_advantages": false, "batch_size": 5000, "eval_batch_size": 3000, "discount": 0.95, "learning_rate": 0.01, "n_layers": 2, "layer_size": 64, "ep_len": null, "seed": 1, "no_gpu": false, "which_gpu": 0, "video_log_freq": -1, "scalar_log_freq": 1, "save_dir": "exp/HalfCheetah-v4_cheetah_baseline_sd1_20260216_032736"}