Eval_AverageReturn,Eval_StdReturn,Eval_MaxReturn,Eval_MinReturn,Eval_AverageEpLen,step,Train_EpisodeReturn,Train_EpisodeLen,actor_loss,entropy,critic_loss,q_values,target_values,alpha,alpha_loss,actor_lr,critic_lr,temperature
-231.14104,51.091232,-110.86732,-306.23886,1000.0,0,,,,,,,,,,,,
,,,,,999,-174.16617,1000,,,,,,,,,,
,,,,,1999,-213.08391,1000,,,,,,,,,,
,,,,,2999,-277.6773,1000,,,,,,,,,,
,,,,,3999,-227.87035,1000,,,,,,,,,,
,,,,,4999,-482.17017,1000,,,,,,,,,,
-219.95126,54.0262,-134.30392,-322.3026,1000.0,5000,,,,,,,,,,,,
,,,,,5999,-227.44221,1000,,,,,,,,,,
,,,,,6999,-334.01178,1000,,,,,,,,,,
,,,,,7999,-192.20586,1000,,,,,,,,,,
,,,,,8999,-172.74187,1000,,,,,,,,,,
,,,,,9999,-243.7587,1000,,,,,,,,,,
-241.59232,88.55909,-137.76448,-364.8633,1000.0,10000,,,-0.14163881540298462,3.74554443359375,0.45887458324432373,-0.012422418221831322,-0.13266588747501373,0.04999999701976776,-29.037227630615234,0.0003,0.0003,0.04999500513076782
,,,,,10999,-284.83994,1000,,,,,,,,,,
,,,,,11000,,,-1.5104484558105469,0.8288018703460693,0.4317261576652527,0.9290679097175598,0.9823367595672607,0.04532042518258095,-20.952621459960938,0.0003,0.0003,0.04531599581241608
,,,,,11999,-270.6934,1000,,,,,,,,,,
,,,,,12000,,,-2.2372467517852783,1.3333735466003418,0.6625152826309204,1.839558482170105,1.83159601688385,0.040996816009283066,-23.523271560668945,0.0003,0.0003,0.040992654860019684
,,,,,12999,-252.8915,1000,,,,,,,,,,
,,,,,13000,,,-3.4172518253326416,-0.23465684056282043,0.770327091217041,2.7070493698120117,2.8594279289245605,0.03737616911530495,-19.167436599731445,0.0003,0.0003,0.03737282007932663
,,,,,13999,-240.3158,1000,,,,,,,,,,
,,,,,14000,,,-5.731715202331543,-1.0777428150177002,0.6572723388671875,4.906996250152588,4.988264560699463,0.034238193184137344,-16.641359329223633,0.0003,0.0003,0.0342351496219635
,,,,,14999,-156.32767,1000,,,,,,,,,,
-101.67773,44.852524,-16.414648,-172.21274,1000.0,15000,,,-8.321017265319824,-1.4943981170654297,0.5891467332839966,7.442318916320801,7.4482316970825195,0.031393617391586304,-15.20633316040039,0.0003,0.0003,0.03139093145728111
,,,,,15999,-16.951757,1000,,,,,,,,,,
,,,,,16000,,,-10.692922592163086,-2.0067620277404785,0.5950591564178467,9.845464706420898,9.870535850524902,0.028760172426700592,-13.27083969116211,0.0003,0.0003,0.028757566586136818
,,,,,16999,-42.856827,1000,,,,,,,,,,
,,,,,17000,,,-11.870931625366211,-2.3997128009796143,0.4623270630836487,11.115315437316895,11.137563705444336,0.026338092982769012,-11.586860656738281,0.0003,0.0003,0.026335887610912323
,,,,,17999,79.32765,1000,,,,,,,,,,
,,,,,18000,,,-13.056082725524902,-2.6303231716156006,0.4111894369125366,12.386495590209961,12.510258674621582,0.024127105250954628,-11.39341926574707,0.0003,0.0003,0.024125022813677788
,,,,,18999,199.46475,1000,,,,,,,,,,
,,,,,19000,,,-15.806078910827637,-3.8080525398254395,0.4302566647529602,14.980756759643555,15.069052696228027,0.022150889039039612,-9.41002082824707,0.0003,0.0003,0.022148972377181053
,,,,,19999,297.03818,1000,,,,,,,,,,
649.28033,156.47963,880.4042,381.99023,1000.0,20000,,,-16.00224494934082,-3.8785500526428223,0.427667498588562,15.232137680053711,15.203065872192383,0.02042999491095543,-8.142416954040527,0.0003,0.0003,0.020428456366062164
,,,,,20999,783.6345,1000,,,,,,,,,,
,,,,,21000,,,-19.340648651123047,-4.504935264587402,0.3898826241493225,18.52978515625,18.627445220947266,0.01899084448814392,-6.131126880645752,0.0003,0.0003,0.018989522010087967
,,,,,21999,475.4468,1000,,,,,,,,,,
,,,,,22000,,,-21.802518844604492,-5.186962127685547,0.366388201713562,20.913305282592773,21.0587158203125,0.017797410488128662,-4.3607282638549805,0.0003,0.0003,0.017796164378523827
,,,,,22999,671.42114,1000,,,,,,,,,,
,,,,,23000,,,-23.580041885375977,-5.3635029792785645,0.4744165539741516,22.80096435546875,22.78260040283203,0.016744347289204597,-2.7166519165039062,0.0003,0.0003,0.016743574291467667
,,,,,23999,1041.834,1000,,,,,,,,,,
,,,,,24000,,,-26.376134872436523,-5.632274627685547,0.4934336841106415,25.60348892211914,25.471633911132812,0.015935910865664482,-1.0252701044082642,0.0003,0.0003,0.01593508943915367
,,,,,24999,875.5372,1000,,,,,,,,,,
829.80225,211.97481,1216.0793,528.0149,1000.0,25000,,,-29.26825714111328,-5.32733154296875,0.48257556557655334,28.475025177001953,28.567562103271484,0.015399695374071598,-1.43986976146698,0.0003,0.0003,0.015399357303977013
,,,,,25999,1266.8805,1000,,,,,,,,,,
,,,,,26000,,,-34.95691680908203,-5.701395034790039,0.42197248339653015,34.167213439941406,34.20862579345703,0.015182539820671082,-1.0145478248596191,0.0003,0.0003,0.015182090923190117
,,,,,26999,1083.8999,1000,,,,,,,,,,
,,,,,27000,,,-34.59357833862305,-6.515470027923584,0.4592028856277466,33.66286849975586,33.695167541503906,0.015492305159568787,0.7109639644622803,0.0003,0.0003,0.015492918901145458
,,,,,27999,1622.7378,1000,,,,,,,,,,
,,,,,28000,,,-39.188934326171875,-6.116673946380615,0.4744070768356323,38.36100769042969,38.312889099121094,0.016468197107315063,-0.49265313148498535,0.0003,0.0003,0.01646902970969677
,,,,,28999,1620.576,1000,,,,,,,,,,
,,,,,29000,,,-44.11650085449219,-6.38962984085083,0.5406041145324707,43.11323547363281,43.18626403808594,0.017450515180826187,1.812109112739563,0.0003,0.0003,0.01745237037539482
,,,,,29999,1823.1876,1000,,,,,,,,,,
1834.5193,197.61194,1962.4501,1251.9882,1000.0,30000,,,-50.309322357177734,-6.011547088623047,0.4063290059566498,49.384010314941406,49.29417419433594,0.0184953473508358,-0.26080745458602905,0.0003,0.0003,0.01849706843495369
,,,,,30999,1991.7582,1000,,,,,,,,,,
,,,,,31000,,,-56.32261657714844,-6.049476623535156,0.42626601457595825,55.23955535888672,55.28512954711914,0.01958310604095459,-0.6817113161087036,0.0003,0.0003,0.01958424411714077
,,,,,31999,843.9186,1000,,,,,,,,,,
,,,,,32000,,,-56.269527435302734,-6.053357124328613,0.5333361625671387,55.28630065917969,55.19197463989258,0.020496923476457596,-1.0653855800628662,0.0003,0.0003,0.02049770951271057
,,,,,32999,2021.5426,1000,,,,,,,,,,
,,,,,33000,,,-63.04487991333008,-5.816427230834961,0.5340495705604553,62.051666259765625,62.045188903808594,0.020996946841478348,-0.5490246415138245,0.0003,0.0003,0.02099764719605446
,,,,,33999,1461.3337,1000,,,,,,,,,,
,,,,,34000,,,-67.14260864257812,-6.431891441345215,0.4919002652168274,66.15959930419922,66.12747192382812,0.0212757159024477,0.8981016874313354,0.0003,0.0003,0.021276501938700676
,,,,,34999,693.234,1000,,,,,,,,,,
2074.6694,284.2813,2213.4583,1225.0527,1000.0,35000,,,-67.60063171386719,-6.088474273681641,0.5467934012413025,66.56884765625,66.67131042480469,0.021420704200863838,0.17202910780906677,0.0003,0.0003,0.021420883014798164
,,,,,35999,2196.9429,1000,,,,,,,,,,
,,,,,36000,,,-74.061279296875,-6.39305305480957,0.5334705710411072,72.99748992919922,72.90255737304688,0.021522941067814827,1.723093867301941,0.0003,0.0003,0.021523745730519295
,,,,,36999,2157.2583,1000,,,,,,,,,,
,,,,,37000,,,-77.98794555664062,-5.813807487487793,0.58411705493927,77.03973388671875,76.94647216796875,0.021770058199763298,-1.4170405864715576,0.0003,0.0003,0.021770287305116653
,,,,,37999,2223.6008,1000,,,,,,,,,,
,,,,,38000,,,-82.58068084716797,-5.666547775268555,0.6124032735824585,81.68355560302734,81.68235778808594,0.021859657019376755,-1.7356802225112915,0.0003,0.0003,0.02185850962996483
,,,,,38999,2266.0994,1000,,,,,,,,,,
,,,,,39000,,,-91.67047119140625,-6.017377853393555,0.49211612343788147,90.6557388305664,90.69915771484375,0.022100411355495453,0.6702755689620972,0.0003,0.0003,0.022101111710071564
,,,,,39999,2425.321,1000,,,,,,,,,,
2404.6282,33.769936,2445.6987,2324.4336,1000.0,40000,,,-90.68755340576172,-6.17731237411499,0.5504940748214722,89.76754760742188,89.70626831054688,0.02277420088648796,0.67058926820755,0.0003,0.0003,0.02277526631951332
,,,,,40999,2427.5046,1000,,,,,,,,,,
,,,,,41000,,,-97.107177734375,-6.339404106140137,0.582927942276001,96.28245544433594,96.12257385253906,0.02346113696694374,1.3528721332550049,0.0003,0.0003,0.02346254698932171
,,,,,41999,2542.1177,1000,,,,,,,,,,
,,,,,42000,,,-101.41824340820312,-6.291810989379883,0.4439842402935028,100.4383544921875,100.49052429199219,0.024181976914405823,1.028770923614502,0.0003,0.0003,0.024182835593819618
,,,,,42999,2608.582,1000,,,,,,,,,,
,,,,,43000,,,-105.51224517822266,-6.411755561828613,0.5418251156806946,104.43109130859375,104.31181335449219,0.025074753910303116,0.9618868231773376,0.0003,0.0003,0.02507712133228779
,,,,,43999,2630.773,1000,,,,,,,,,,
,,,,,44000,,,-107.6922607421875,-6.491508960723877,0.4836002588272095,106.57453918457031,106.47093200683594,0.02596418373286724,1.435380220413208,0.0003,0.0003,0.02596495859324932
,,,,,44999,2700.1536,1000,,,,,,,,,,
2737.1653,32.416096,2810.629,2705.6794,1000.0,45000,,,-113.78614044189453,-6.11558723449707,0.5585998296737671,112.74639892578125,112.55447387695312,0.027020104229450226,0.6622327566146851,0.0003,0.0003,0.02701958827674389
,,,,,45999,2790.0986,1000,,,,,,,,,,
,,,,,46000,,,-119.40423583984375,-6.482728481292725,0.6741084456443787,118.405517578125,118.40370178222656,0.02801712043583393,1.7534270286560059,0.0003,0.0003,0.028018537908792496
,,,,,46999,2727.1328,1000,,,,,,,,,,
,,,,,47000,,,-125.59349822998047,-6.40280818939209,0.545440673828125,124.55616760253906,124.50536346435547,0.02898278273642063,0.7587159276008606,0.0003,0.0003,0.02898406982421875
,,,,,47999,1626.7465,1000,,,,,,,,,,
,,,,,48000,,,-130.01844787597656,-6.406172752380371,0.6145633459091187,128.9346466064453,128.97528076171875,0.029833627864718437,0.1683565378189087,0.0003,0.0003,0.02983485907316208
,,,,,48999,2917.686,1000,,,,,,,,,,
,,,,,49000,,,-134.26295471191406,-6.684035301208496,0.7226160764694214,133.04957580566406,133.14849853515625,0.030811524018645287,1.1238174438476562,0.0003,0.0003,0.030812405049800873
,,,,,49999,2891.4458,1000,,,,,,,,,,
2461.2466,1028.765,3055.1902,-115.388985,1000.0,50000,,,-138.75636291503906,-6.277196884155273,0.765784740447998,137.40841674804688,137.52218627929688,0.032427411526441574,0.5933433175086975,0.0003,0.0003,0.032428957521915436
,,,,,50999,2881.3394,1000,,,,,,,,,,
,,,,,51000,,,-146.481201171875,-6.262792110443115,0.7720099687576294,145.1050262451172,145.05206298828125,0.03386221081018448,0.3427649140357971,0.0003,0.0003,0.03386324271559715
,,,,,51999,2929.231,1000,,,,,,,,,,
,,,,,52000,,,-149.80575561523438,-6.158156394958496,0.8751943111419678,148.54293823242188,148.6362762451172,0.03593839704990387,0.7093977928161621,0.0003,0.0003,0.03594164550304413
,,,,,52999,2878.9949,1000,,,,,,,,,,
,,,,,53000,,,-155.83717346191406,-5.957780361175537,0.9919785261154175,154.5103759765625,154.57908630371094,0.03813282772898674,0.5333908796310425,0.0003,0.0003,0.03813645616173744
,,,,,53999,2963.9873,1000,,,,,,,,,,
,,,,,54000,,,-158.6469268798828,-6.103456020355225,0.8829498291015625,157.2592010498047,157.3568572998047,0.040155135095119476,0.7244114279747009,0.0003,0.0003,0.04015640169382095
,,,,,54999,2971.1897,1000,,,,,,,,,,
3050.467,42.054035,3110.68,2980.8364,1000.0,55000,,,-167.74635314941406,-6.175601959228516,0.7920230627059937,166.14529418945312,166.1390380859375,0.04107781872153282,0.7849130034446716,0.0003,0.0003,0.041078947484493256
,,,,,55999,2936.3967,1000,,,,,,,,,,
,,,,,56000,,,-165.8172149658203,-6.197220325469971,1.0370360612869263,164.27825927734375,164.4340057373047,0.042105887085199356,0.46146246790885925,0.0003,0.0003,0.042104944586753845
,,,,,56999,3046.5564,1000,,,,,,,,,,
,,,,,57000,,,-175.05189514160156,-6.302565574645996,1.000204086303711,173.65298461914062,173.8936309814453,0.0420694500207901,-0.07764655351638794,0.0003,0.0003,0.0420677475631237
,,,,,57999,3060.6536,1000,,,,,,,,,,
,,,,,58000,,,-183.68011474609375,-5.963399887084961,0.7032934427261353,182.41329956054688,182.4073944091797,0.04104190319776535,0.2681645154953003,0.0003,0.0003,0.04104165732860565
,,,,,58999,3002.4832,1000,,,,,,,,,,
,,,,,59000,,,-187.2790069580078,-6.07415771484375,0.7811266183853149,186.16085815429688,186.1400604248047,0.0402008481323719,-0.2314750850200653,0.0003,0.0003,0.04020235314965248
,,,,,59999,3136.1357,1000,,,,,,,,,,
3120.508,39.07175,3179.4631,3054.3096,1000.0,60000,,,-189.74830627441406,-6.060235500335693,0.610699474811554,188.70455932617188,188.80331420898438,0.03939215466380119,-0.36730247735977173,0.0003,0.0003,0.039391808211803436
,,,,,60999,3108.5237,1000,,,,,,,,,,
,,,,,61000,,,-188.7869110107422,-5.87899112701416,0.7511187791824341,187.54135131835938,187.57264709472656,0.03848559409379959,-0.0044673532247543335,0.0003,0.0003,0.03848455473780632
,,,,,61999,3165.0227,1000,,,,,,,,,,
,,,,,62000,,,-193.33851623535156,-6.294642925262451,0.7827370166778564,191.9155731201172,191.9032440185547,0.03929806873202324,1.0056012868881226,0.0003,0.0003,0.03930167481303215
,,,,,62999,3209.2317,1000,,,,,,,,,,
,,,,,63000,,,-202.79310607910156,-6.124362945556641,0.7018463611602783,201.3707275390625,201.52947998046875,0.04022420197725296,0.9484748244285583,0.0003,0.0003,0.04022596776485443
,,,,,63999,3238.517,1000,,,,,,,,,,
,,,,,64000,,,-204.29942321777344,-6.1495161056518555,0.6726687550544739,202.85882568359375,202.92393493652344,0.040389712899923325,0.3400733470916748,0.0003,0.0003,0.0403895303606987
,,,,,64999,3298.328,1000,,,,,,,,,,
3230.2612,42.025322,3292.8862,3170.319,1000.0,65000,,,-210.0614776611328,-5.657747745513916,0.6559669375419617,208.69842529296875,208.66810607910156,0.040080662816762924,-1.8761557340621948,0.0003,0.0003,0.04007897153496742
,,,,,65999,3401.6936,1000,,,,,,,,,,
,,,,,66000,,,-213.81478881835938,-5.99547004699707,0.7878972291946411,212.3017120361328,212.18272399902344,0.04006453603506088,0.18067666888237,0.0003,0.0003,0.04006300866603851
,,,,,66999,3403.8179,1000,,,,,,,,,,
,,,,,67000,,,-220.73194885253906,-6.378015995025635,0.7780309915542603,219.47317504882812,219.45297241210938,0.04085538163781166,0.9821831583976746,0.0003,0.0003,0.04085519537329674
,,,,,67999,3281.5535,1000,,,,,,,,,,
,,,,,68000,,,-221.6981201171875,-6.130344390869141,0.7398728132247925,220.2866668701172,220.32852172851562,0.0423281192779541,0.541880190372467,0.0003,0.0003,0.04232824966311455
,,,,,68999,3400.0066,1000,,,,,,,,,,
,,,,,69000,,,-227.2383270263672,-6.110447883605957,0.5797035694122314,225.94947814941406,225.91795349121094,0.04321344941854477,-0.34246107935905457,0.0003,0.0003,0.04321344941854477
,,,,,69999,3579.0095,1000,,,,,,,,,,
3520.8738,83.65811,3601.1255,3305.9944,1000.0,70000,,,-228.4163818359375,-5.8505859375,0.6064071655273438,227.18728637695312,227.20596313476562,0.04356880858540535,-0.3768160045146942,0.0003,0.0003,0.043568238615989685
,,,,,70999,3493.1082,1000,,,,,,,,,,
,,,,,71000,,,-230.35107421875,-6.0196332931518555,0.8511366844177246,229.138916015625,229.1566162109375,0.04455074295401573,0.6877802610397339,0.0003,0.0003,0.044552646577358246
,,,,,71999,3514.0486,1000,,,,,,,,,,
,,,,,72000,,,-239.41036987304688,-5.814881324768066,0.7352988719940186,238.26025390625,238.1709747314453,0.0461178682744503,-0.3535574972629547,0.0003,0.0003,0.04611879214644432
,,,,,72999,3630.5408,1000,,,,,,,,,,
,,,,,73000,,,-242.30697631835938,-6.135479927062988,0.6739656925201416,241.1545867919922,241.10311889648438,0.04665191471576691,-0.1546730399131775,0.0003,0.0003,0.04665282741189003
,,,,,73999,3695.6921,1000,,,,,,,,,,
,,,,,74000,,,-242.28326416015625,-6.052145957946777,0.7198790311813354,240.78350830078125,240.65664672851562,0.04826607555150986,0.8884382247924805,0.0003,0.0003,0.04826836287975311
,,,,,74999,3630.6877,1000,,,,,,,,,,
3313.6477,996.1167,3750.3423,358.9306,1000.0,75000,,,-250.3983917236328,-5.963292121887207,0.9423878788948059,249.16091918945312,249.19390869140625,0.049719858914613724,0.4063264727592468,0.0003,0.0003,0.04972302168607712
,,,,,75999,3622.5898,1000,,,,,,,,,,
,,,,,76000,,,-245.18614196777344,-6.113093852996826,1.117796540260315,243.8857879638672,243.86785888671875,0.05039306730031967,0.4437229037284851,0.0003,0.0003,0.050394460558891296
,,,,,76999,3740.7139,1000,,,,,,,,,,
,,,,,77000,,,-253.31776428222656,-5.87131404876709,0.7909942865371704,252.1639404296875,252.19723510742188,0.05048844590783119,-0.3080025911331177,0.0003,0.0003,0.05048946663737297
,,,,,77999,3827.356,1000,,,,,,,,,,
,,,,,78000,,,-254.9914093017578,-6.421694755554199,0.9289718270301819,253.49551391601562,253.53085327148438,0.05144273117184639,0.7773227691650391,0.0003,0.0003,0.05144324526190758
,,,,,78999,3762.4902,1000,,,,,,,,,,
,,,,,79000,,,-261.598388671875,-5.889143943786621,1.0713684558868408,260.28900146484375,259.97259521484375,0.05182384327054024,-0.1440006047487259,0.0003,0.0003,0.05182337388396263
,,,,,79999,3789.7754,1000,,,,,,,,,,
3790.4504,145.55899,3933.1897,3395.6401,1000.0,80000,,,-262.33843994140625,-6.092930793762207,0.9853650331497192,261.0638427734375,261.0138854980469,0.052881598472595215,-0.04095610976219177,0.0003,0.0003,0.05288361385464668
,,,,,80999,3780.8992,1000,,,,,,,,,,
,,,,,81000,,,-267.8720397949219,-5.821455478668213,0.9773098826408386,266.53521728515625,266.42779541015625,0.054543111473321915,-0.8265178203582764,0.0003,0.0003,0.05454520508646965
,,,,,81999,254.43208,1000,,,,,,,,,,
,,,,,82000,,,-266.8238220214844,-5.864219665527344,1.0031332969665527,265.6475830078125,265.6268310546875,0.05364948511123657,-0.19819432497024536,0.0003,0.0003,0.05364643782377243
,,,,,82999,3884.3508,1000,,,,,,,,,,
,,,,,83000,,,-270.6143493652344,-6.351232528686523,0.9180278778076172,269.4518737792969,269.4075012207031,0.04968111962080002,0.6246860027313232,0.0003,0.0003,0.04967862367630005
,,,,,83999,3970.4526,1000,,,,,,,,,,
,,,,,84000,,,-272.910400390625,-6.028611183166504,0.96612948179245,272.01239013671875,271.962890625,0.047199491411447525,-0.035441070795059204,0.0003,0.0003,0.04719819873571396
,,,,,84999,3953.6155,1000,,,,,,,,,,
3989.4817,28.357101,4034.1882,3942.6406,1000.0,85000,,,-276.6363830566406,-6.602191925048828,0.9928035140037537,275.5024108886719,275.4989013671875,0.046441007405519485,1.2832568883895874,0.0003,0.0003,0.04644354060292244
,,,,,85999,3925.8176,1000,,,,,,,,,,
,,,,,86000,,,-275.6951904296875,-5.968647480010986,1.007393717765808,274.67364501953125,274.58575439453125,0.04706178605556488,-0.23419812321662903,0.0003,0.0003,0.04706061631441116
,,,,,86999,3842.0168,1000,,,,,,,,,,
,,,,,87000,,,-280.7778625488281,-6.386453628540039,0.9665848612785339,279.46343994140625,279.4649963378906,0.04765396937727928,1.8002792596817017,0.0003,0.0003,0.04765599966049194
,,,,,87999,3993.0503,1000,,,,,,,,,,
,,,,,88000,,,-280.5455627441406,-5.9132399559021,0.9290875196456909,279.45989990234375,279.4819641113281,0.048443373292684555,-0.39185136556625366,0.0003,0.0003,0.048443444073200226
,,,,,88999,3933.1272,1000,,,,,,,,,,
,,,,,89000,,,-280.307373046875,-6.440348148345947,1.2310094833374023,278.9246826171875,278.91583251953125,0.049328722059726715,1.9425973892211914,0.0003,0.0003,0.04933178052306175
,,,,,89999,3956.436,1000,,,,,,,,,,
3935.5874,29.886745,3981.1357,3880.1938,1000.0,90000,,,-283.28436279296875,-5.939962387084961,1.0450820922851562,281.78350830078125,281.95440673828125,0.05135263875126839,0.060071349143981934,0.0003,0.0003,0.051355063915252686
,,,,,90999,3847.5945,1000,,,,,,,,,,
,,,,,91000,,,-290.3782653808594,-6.35323429107666,1.1735919713974,289.1282958984375,289.26275634765625,0.053025584667921066,0.9270645380020142,0.0003,0.0003,0.05302778631448746
,,,,,91999,4001.1355,1000,,,,,,,,,,
,,,,,92000,,,-293.4687194824219,-6.322840690612793,1.5223467350006104,292.1930236816406,292.12774658203125,0.05450728163123131,-0.9731379151344299,0.0003,0.0003,0.05450793355703354
,,,,,92999,2257.4434,1000,,,,,,,,,,
,,,,,93000,,,-289.4326477050781,-6.533839225769043,1.4522074460983276,288.0099792480469,288.0720520019531,0.05451705679297447,0.8627833127975464,0.0003,0.0003,0.05451802909374237
,,,,,93999,3010.1633,1000,,,,,,,,,,
,,,,,94000,,,-300.8333740234375,-5.894074440002441,1.4887303113937378,299.57208251953125,299.53204345703125,0.05517759919166565,-0.8181295990943909,0.0003,0.0003,0.055175431072711945
,,,,,94999,3983.124,1000,,,,,,,,,,
3968.827,49.265884,4037.2153,3883.665,1000.0,95000,,,-296.9573059082031,-6.199419021606445,1.2548503875732422,295.76171875,296.04931640625,0.0546652115881443,-0.4136471152305603,0.0003,0.0003,0.05466543138027191
,,,,,95999,3996.7346,1000,,,,,,,,,,
,,,,,96000,,,-304.31103515625,-5.8618035316467285,1.1414945125579834,303.1524963378906,303.1792907714844,0.05390698090195656,-0.5146269798278809,0.0003,0.0003,0.05390400066971779
,,,,,96999,4010.2683,1000,,,,,,,,,,
,,,,,97000,,,-303.55810546875,-5.84114933013916,1.2118167877197266,302.39642333984375,302.4571533203125,0.05322835221886635,-0.7311096787452698,0.0003,0.0003,0.053228959441185
,,,,,97999,4031.9485,1000,,,,,,,,,,
,,,,,98000,,,-311.99530029296875,-6.573883533477783,0.9913157224655151,310.73895263671875,310.8175048828125,0.05463209003210068,2.7414116859436035,0.0003,0.0003,0.054638996720314026
,,,,,98999,3987.4407,1000,,,,,,,,,,
,,,,,99000,,,-307.4984130859375,-6.609023094177246,1.498530626296997,306.2484130859375,306.0792236328125,0.055979374796152115,1.3150492906570435,0.0003,0.0003,0.055980924516916275
,,,,,99999,4083.903,1000,,,,,,,,,,
3987.959,64.766556,4067.0056,3851.9988,1000.0,100000,,,-316.5393981933594,-5.542280197143555,1.172015905380249,315.2668762207031,314.92694091796875,0.05743669718503952,-0.08660930395126343,0.0003,0.0003,0.057437997311353683
,,,,,100999,4068.0024,1000,,,,,,,,,,
,,,,,101000,,,-316.9554443359375,-6.055699348449707,1.0858232975006104,315.626220703125,315.92694091796875,0.058316923677921295,0.7346487045288086,0.0003,0.0003,0.058316007256507874
,,,,,101999,4032.1418,1000,,,,,,,,,,
,,,,,102000,,,-316.1129455566406,-5.42660665512085,1.2814052104949951,314.8702087402344,314.83245849609375,0.05841812118887901,-1.207226037979126,0.0003,0.0003,0.058416448533535004
,,,,,102999,3998.6848,1000,,,,,,,,,,
,,,,,103000,,,-317.1913146972656,-5.991205215454102,1.3636913299560547,315.79058837890625,315.80029296875,0.05888844281435013,0.7325334548950195,0.0003,0.0003,0.05889129266142845
,,,,,103999,3990.857,1000,,,,,,,,,,
,,,,,104000,,,-316.6302185058594,-6.006631851196289,1.309988021850586,315.3362731933594,315.28326416015625,0.058730773627758026,0.11385107040405273,0.0003,0.0003,0.058731336146593094
,,,,,104999,4138.9077,1000,,,,,,,,,,
4150.8184,34.42549,4223.646,4105.828,1000.0,105000,,,-321.92303466796875,-6.284289360046387,1.1645432710647583,320.5699768066406,320.50604248046875,0.05965310335159302,1.2118914127349854,0.0003,0.0003,0.059650201350450516
,,,,,105999,4150.036,1000,,,,,,,,,,
,,,,,106000,,,-325.36492919921875,-6.146650314331055,1.2035547494888306,324.21563720703125,324.1563720703125,0.060096174478530884,0.9949848651885986,0.0003,0.0003,0.06009718030691147
,,,,,106999,4146.365,1000,,,,,,,,,,
,,,,,107000,,,-327.6456298828125,-6.1063432693481445,1.3984756469726562,326.2633056640625,326.05743408203125,0.060599856078624725,0.5395869612693787,0.0003,0.0003,0.0606013759970665
,,,,,107999,4107.768,1000,,,,,,,,,,
,,,,,108000,,,-330.7651062011719,-5.897437572479248,1.3220829963684082,329.49102783203125,329.54949951171875,0.06081857532262802,-0.03428420424461365,0.0003,0.0003,0.06081586703658104
,,,,,108999,4194.8657,1000,,,,,,,,,,
,,,,,109000,,,-327.89703369140625,-5.884834289550781,1.5588024854660034,326.78118896484375,326.8302001953125,0.060913410037755966,-0.42565861344337463,0.0003,0.0003,0.060912858694791794
,,,,,109999,4221.6016,1000,,,,,,,,,,
4234.5405,38.88771,4296.311,4164.184,1000.0,110000,,,-337.501220703125,-6.5854949951171875,0.9951968789100647,336.1195983886719,336.0408935546875,0.061080317944288254,1.4852362871170044,0.0003,0.0003,0.06108197569847107
,,,,,110999,4223.142,1000,,,,,,,,,,
,,,,,111000,,,-338.3290100097656,-6.231971740722656,1.1171679496765137,337.20941162109375,337.1083984375,0.06068668141961098,0.6650880575180054,0.0003,0.0003,0.06068550795316696
,,,,,111999,4243.6147,1000,,,,,,,,,,
,,,,,112000,,,-333.7759704589844,-5.996321678161621,1.0708369016647339,332.44451904296875,332.5400390625,0.06053900346159935,-0.776423990726471,0.0003,0.0003,0.06053750216960907
,,,,,112999,4252.525,1000,,,,,,,,,,
,,,,,113000,,,-343.7512512207031,-5.825934410095215,0.9635956883430481,342.52130126953125,342.50445556640625,0.06030798703432083,-0.7295295596122742,0.0003,0.0003,0.0603056438267231
,,,,,113999,4210.183,1000,,,,,,,,,,
,,,,,114000,,,-344.3471984863281,-6.287796974182129,1.0326461791992188,343.25274658203125,343.10369873046875,0.059521835297346115,0.5711053609848022,0.0003,0.0003,0.059523265808820724
,,,,,114999,4194.5854,1000,,,,,,,,,,
4092.2153,526.15594,4366.7573,2530.5227,1000.0,115000,,,-350.2555236816406,-5.85166072845459,1.0303348302841187,349.16876220703125,348.94647216796875,0.059661053121089935,-0.18962502479553223,0.0003,0.0003,0.059662364423274994
,,,,,115999,4282.732,1000,,,,,,,,,,
,,,,,116000,,,-345.3738708496094,-6.0808305740356445,1.2728955745697021,344.0933837890625,343.957763671875,0.05998801067471504,-0.9393722414970398,0.0003,0.0003,0.059985022991895676
,,,,,116999,4152.5596,1000,,,,,,,,,,
,,,,,117000,,,-352.8704528808594,-5.615747451782227,1.0223344564437866,351.901611328125,351.9232177734375,0.06067444011569023,-0.9251132607460022,0.0003,0.0003,0.06067250296473503
,,,,,117999,4275.684,1000,,,,,,,,,,
,,,,,118000,,,-348.92352294921875,-6.086839199066162,1.164175033569336,347.8736267089844,347.82757568359375,0.060707852244377136,-0.3683566451072693,0.0003,0.0003,0.06070786714553833
,,,,,118999,4248.784,1000,,,,,,,,,,
,,,,,119000,,,-349.8404235839844,-6.0402069091796875,1.2379519939422607,348.56500244140625,348.763427734375,0.060482509434223175,0.30309826135635376,0.0003,0.0003,0.0604819729924202
,,,,,119999,4296.4287,1000,,,,,,,,,,
4336.491,46.49273,4435.7344,4250.7007,1000.0,120000,,,-350.723388671875,-6.272064685821533,1.2133538722991943,349.460693359375,349.46484375,0.06078558415174484,0.37581440806388855,0.0003,0.0003,0.06078638136386871
,,,,,120999,4287.557,1000,,,,,,,,,,
,,,,,121000,,,-355.36822509765625,-5.70949649810791,1.0961334705352783,354.2747802734375,354.222412109375,0.06103511527180672,-0.8670567274093628,0.0003,0.0003,0.06103265658020973
,,,,,121999,4248.221,1000,,,,,,,,,,
,,,,,122000,,,-357.9507141113281,-5.895349502563477,0.897577166557312,356.87762451171875,357.00244140625,0.06095806881785393,-0.5790999531745911,0.0003,0.0003,0.06096211075782776
,,,,,122999,4419.094,1000,,,,,,,,,,
,,,,,123000,,,-362.1177062988281,-6.114740371704102,0.9074647426605225,361.1197509765625,361.0254211425781,0.061375778168439865,0.2262098789215088,0.0003,0.0003,0.06138131022453308
,,,,,123999,4363.662,1000,,,,,,,,,,
,,,,,124000,,,-359.61907958984375,-5.927432060241699,0.9249931573867798,358.35699462890625,358.2721862792969,0.062347687780857086,0.06521762907505035,0.0003,0.0003,0.06234820559620857
,,,,,124999,4306.6064,1000,,,,,,,,,,
4411.7837,36.261173,4470.007,4333.458,1000.0,125000,,,-360.2020263671875,-5.849015235900879,1.1533443927764893,358.798828125,358.87554931640625,0.06255757063627243,-0.12038403749465942,0.0003,0.0003,0.0625588446855545
,,,,,125999,4385.1523,1000,,,,,,,,,,
,,,,,126000,,,-361.84075927734375,-5.997114181518555,1.233115315437317,360.47283935546875,360.3428955078125,0.06257496774196625,0.16789627075195312,0.0003,0.0003,0.06257416307926178
,,,,,126999,4336.0684,1000,,,,,,,,,,
,,,,,127000,,,-364.5448303222656,-5.943445205688477,1.190981149673462,363.619873046875,363.3811340332031,0.06260822713375092,-0.26072442531585693,0.0003,0.0003,0.06260550022125244
,,,,,127999,4422.701,1000,,,,,,,,,,
,,,,,128000,,,-362.5626220703125,-6.36613655090332,0.8646625280380249,360.862548828125,360.8997802734375,0.06316883116960526,0.710777997970581,0.0003,0.0003,0.06317020207643509
,,,,,128999,4482.257,1000,,,,,,,,,,
,,,,,129000,,,-363.5783386230469,-6.511085510253906,0.9264159202575684,362.21026611328125,362.13543701171875,0.06260267645120621,0.7578492164611816,0.0003,0.0003,0.0625997856259346
,,,,,129999,4477.502,1000,,,,,,,,,,
4414.6025,39.651585,4471.833,4346.5615,1000.0,130000,,,-370.3834533691406,-5.634361267089844,0.9875040054321289,369.12982177734375,369.1136779785156,0.06288855522871017,-1.1904202699661255,0.0003,0.0003,0.062888003885746
,,,,,130999,4473.8516,1000,,,,,,,,,,
,,,,,131000,,,-375.9180603027344,-6.087681770324707,0.8702709078788757,374.9963684082031,375.0145263671875,0.06394141167402267,-1.0760546922683716,0.0003,0.0003,0.06394116580486298
,,,,,131999,4441.5537,1000,,,,,,,,,,
,,,,,132000,,,-371.24566650390625,-6.109912872314453,0.8672835826873779,370.3355712890625,370.3272399902344,0.06451243907213211,0.25022274255752563,0.0003,0.0003,0.06451524049043655
,,,,,132999,4500.6074,1000,,,,,,,,,,
,,,,,133000,,,-373.3388977050781,-6.249232769012451,1.0242712497711182,372.0841064453125,371.91888427734375,0.06470967829227448,0.5910417437553406,0.0003,0.0003,0.06471219658851624
,,,,,133999,4502.9087,1000,,,,,,,,,,
,,,,,134000,,,-368.1726989746094,-5.687150478363037,1.2138298749923706,366.810791015625,366.84344482421875,0.06483715027570724,-0.06475609540939331,0.0003,0.0003,0.06483752280473709
,,,,,134999,4619.0767,1000,,,,,,,,,,
4518.62,39.528927,4582.904,4450.5483,1000.0,135000,,,-373.5452575683594,-5.885564804077148,0.9730919599533081,372.37017822265625,372.5198974609375,0.06549123674631119,-0.48646172881126404,0.0003,0.0003,0.06549137830734253
,,,,,135999,4548.4487,1000,,,,,,,,,,
,,,,,136000,,,-376.9715270996094,-6.112725257873535,1.1206488609313965,375.9439697265625,375.7039489746094,0.0658145472407341,0.1928226202726364,0.0003,0.0003,0.06581619381904602
,,,,,136999,4529.7886,1000,,,,,,,,,,
,,,,,137000,,,-381.3131103515625,-6.069171905517578,1.0166294574737549,380.1891174316406,380.1626281738281,0.06713986396789551,-0.5250807404518127,0.0003,0.0003,0.06713898479938507
,,,,,137999,4510.755,1000,,,,,,,,,,
,,,,,138000,,,-379.77197265625,-6.407186985015869,1.0916438102722168,378.4591064453125,378.548583984375,0.06707848608493805,1.0394456386566162,0.0003,0.0003,0.06708155572414398
,,,,,138999,4568.506,1000,,,,,,,,,,
,,,,,139000,,,-383.023193359375,-6.3498687744140625,0.9880087375640869,381.967041015625,381.73736572265625,0.06764502823352814,0.20360618829727173,0.0003,0.0003,0.0676446408033371
,,,,,139999,4606.323,1000,,,,,,,,,,
4589.044,42.04592,4650.8853,4523.4844,1000.0,140000,,,-387.8631591796875,-6.3301496505737305,0.9900258183479309,386.68402099609375,386.7021484375,0.06789708882570267,0.46683767437934875,0.0003,0.0003,0.0679011195898056
,,,,,140999,4598.5195,1000,,,,,,,,,,
,,,,,141000,,,-385.404541015625,-6.439594745635986,1.313874363899231,384.2506103515625,384.14910888671875,0.06830421835184097,1.6371361017227173,0.0003,0.0003,0.06830695271492004
,,,,,141999,4645.7407,1000,,,,,,,,,,
,,,,,142000,,,-383.6439514160156,-5.808582782745361,1.0894181728363037,382.5290222167969,382.32342529296875,0.06843290477991104,-0.6577275395393372,0.0003,0.0003,0.06843163818120956
,,,,,142999,4716.003,1000,,,,,,,,,,
,,,,,143000,,,-390.8739318847656,-6.060883522033691,1.2208268642425537,389.78033447265625,389.7200927734375,0.06903620064258575,0.19688540697097778,0.0003,0.0003,0.06903670728206635
,,,,,143999,4651.834,1000,,,,,,,,,,
,,,,,144000,,,-384.0690612792969,-6.340555191040039,1.4247846603393555,382.77459716796875,382.6187744140625,0.06898770481348038,1.4449353218078613,0.0003,0.0003,0.06898905336856842
,,,,,144999,4637.7793,1000,,,,,,,,,,
4732.0864,41.34173,4794.197,4658.5933,1000.0,145000,,,-389.0099792480469,-5.971820831298828,1.24601149559021,387.8542785644531,387.9133605957031,0.06939255446195602,-0.4713965058326721,0.0003,0.0003,0.06939225643873215
,,,,,145999,4637.723,1000,,,,,,,,,,
,,,,,146000,,,-390.9700622558594,-5.690054416656494,1.0648020505905151,389.82257080078125,389.8078918457031,0.06955572962760925,-0.625214695930481,0.0003,0.0003,0.06955520063638687
,,,,,146999,3420.9768,1000,,,,,,,,,,
,,,,,147000,,,-394.20947265625,-6.290300369262695,1.4202799797058105,393.1897277832031,393.2311096191406,0.06886240839958191,0.17285120487213135,0.0003,0.0003,0.06886214017868042
,,,,,147999,4770.923,1000,,,,,,,,,,
,,,,,148000,,,-392.77947998046875,-5.771979331970215,1.3501315116882324,391.974853515625,391.80322265625,0.06843803077936172,-0.9638885259628296,0.0003,0.0003,0.06843439489603043
,,,,,148999,4634.6177,1000,,,,,,,,,,
,,,,,149000,,,-397.46514892578125,-5.768695831298828,1.1046466827392578,396.783935546875,396.59375,0.06640610843896866,-0.7002443075180054,0.0003,0.0003,0.06640460342168808
,,,,,149999,4678.8506,1000,,,,,,,,,,
4669.7227,39.121418,4750.742,4619.924,1000.0,150000,,,-395.7838134765625,-6.0518083572387695,1.5197210311889648,394.6668701171875,394.73150634765625,0.06566543132066727,0.7576950788497925,0.0003,0.0003,0.06566621363162994
,,,,,150999,4670.7603,1000,,,,,,,,,,
,,,,,151000,,,-393.8200988769531,-6.2259087562561035,1.1596240997314453,392.6758728027344,392.66424560546875,0.06660870462656021,0.5591961741447449,0.0003,0.0003,0.06661149859428406
,,,,,151999,4703.756,1000,,,,,,,,,,
,,,,,152000,,,-398.40533447265625,-5.834506034851074,1.3157668113708496,397.29681396484375,397.3817138671875,0.06703506410121918,-0.5230122804641724,0.0003,0.0003,0.06703835725784302
,,,,,152999,4654.0996,1000,,,,,,,,,,
,,,,,153000,,,-392.77685546875,-6.369027137756348,1.6593999862670898,391.4658203125,391.2575378417969,0.06799355894327164,0.44366052746772766,0.0003,0.0003,0.0679938942193985
,,,,,153999,4809.7173,1000,,,,,,,,,,
,,,,,154000,,,-393.23968505859375,-6.529494285583496,1.4839922189712524,391.9393310546875,392.0419921875,0.06894794851541519,1.138645887374878,0.0003,0.0003,0.06895224004983902
,,,,,154999,4757.0366,1000,,,,,,,,,,
4774.058,66.5611,4850.6606,4624.9565,1000.0,155000,,,-397.92388916015625,-6.332752227783203,1.7479374408721924,396.74774169921875,396.5006408691406,0.06939347088336945,0.4814806878566742,0.0003,0.0003,0.06939388066530228
,,,,,155999,4819.3896,1000,,,,,,,,,,
,,,,,156000,,,-402.9081115722656,-6.048376083374023,1.2572954893112183,401.91204833984375,401.97064208984375,0.07062626630067825,-0.11705828458070755,0.0003,0.0003,0.07062873989343643
,,,,,156999,4811.069,1000,,,,,,,,,,
,,,,,157000,,,-400.41729736328125,-6.097106456756592,1.6605143547058105,399.30487060546875,399.336669921875,0.07145252823829651,-0.07092657685279846,0.0003,0.0003,0.0714547261595726
,,,,,157999,4766.02,1000,,,,,,,,,,
,,,,,158000,,,-402.087890625,-6.053829193115234,1.2672736644744873,400.7071228027344,400.8335266113281,0.07196536660194397,0.2415294647216797,0.0003,0.0003,0.07196711003780365
,,,,,158999,4830.935,1000,,,,,,,,,,
,,,,,159000,,,-409.702880859375,-5.787649154663086,1.64565110206604,408.7792663574219,408.656005859375,0.07364226132631302,-0.5664674043655396,0.0003,0.0003,0.07364127784967422
,,,,,159999,4854.007,1000,,,,,,,,,,
4836.3447,51.00767,4894.7686,4715.0,1000.0,160000,,,-403.8912353515625,-6.058448791503906,1.5721479654312134,402.62396240234375,402.81982421875,0.0736214742064476,0.11553672701120377,0.0003,0.0003,0.07362129539251328
,,,,,160999,4895.8843,1000,,,,,,,,,,
,,,,,161000,,,-411.37628173828125,-6.029224395751953,1.2083911895751953,410.3511962890625,410.205810546875,0.0738474577665329,-0.7584362030029297,0.0003,0.0003,0.07384853810071945
,,,,,161999,4899.8086,1000,,,,,,,,,,
,,,,,162000,,,-412.30853271484375,-6.039751052856445,1.1538211107254028,410.9364013671875,411.1161804199219,0.07434074580669403,0.3115580081939697,0.0003,0.0003,0.07434242963790894
